,code,exchange
0,000001,深交所
1,000002,深交所
2,000004,深交所
3,000006,深交所
4,000007,深交所
5,000008,深交所
6,000009,深交所
7,000010,深交所
8,000011,深交所
9,000012,深交所
10,000014,深交所
11,000016,深交所
12,000017,深交所
13,000019,深交所
14,000020,深交所
15,000021,深交所
16,000025,深交所
17,000026,深交所
18,000027,深交所
19,000028,深交所
20,000029,深交所
21,000030,深交所
22,000031,深交所
23,000032,深交所
24,000034,深交所
25,000035,深交所
26,000036,深交所
27,000037,深交所
28,000039,深交所
29,000042,深交所
30,000045,深交所
31,000048,深交所
32,000049,深交所
33,000050,深交所
34,000055,深交所
35,000056,深交所
36,000058,深交所
37,000059,深交所
38,000060,深交所
39,000061,深交所
40,000062,深交所
41,000063,深交所
42,000065,深交所
43,000066,深交所
44,000068,深交所
45,000069,深交所
46,000070,深交所
47,000078,深交所
48,000088,深交所
49,000089,深交所
50,000090,深交所
51,000096,深交所
52,000099,深交所
53,000100,深交所
54,000151,深交所
55,000153,深交所
56,000155,深交所
57,000156,深交所
58,000157,深交所
59,000158,深交所
60,000159,深交所
61,000166,深交所
62,000301,深交所
63,000333,深交所
64,000338,深交所
65,000400,深交所
66,000401,深交所
67,000402,深交所
68,000403,深交所
69,000404,深交所
70,000407,深交所
71,000408,深交所
72,000409,深交所
73,000410,深交所
74,000411,深交所
75,000415,深交所
76,000417,深交所
77,000419,深交所
78,000420,深交所
79,000421,深交所
80,000422,深交所
81,000423,深交所
82,000425,深交所
83,000426,深交所
84,000428,深交所
85,000429,深交所
86,000430,深交所
87,000488,深交所
88,000498,深交所
89,000501,深交所
90,000503,深交所
91,000504,深交所
92,000505,深交所
93,000506,深交所
94,000507,深交所
95,000509,深交所
96,000510,深交所
97,000513,深交所
98,000514,深交所
99,000516,深交所
100,000517,深交所
101,000518,深交所
102,000519,深交所
103,000520,深交所
104,000521,深交所
105,000523,深交所
106,000524,深交所
107,000525,深交所
108,000526,深交所
109,000528,深交所
110,000529,深交所
111,000530,深交所
112,000531,深交所
113,000532,深交所
114,000533,深交所
115,000534,深交所
116,000536,深交所
117,000537,深交所
118,000538,深交所
119,000539,深交所
120,000541,深交所
121,000543,深交所
122,000544,深交所
123,000545,深交所
124,000546,深交所
125,000547,深交所
126,000548,深交所
127,000550,深交所
128,000551,深交所
129,000552,深交所
130,000553,深交所
131,000554,深交所
132,000555,深交所
133,000557,深交所
134,000558,深交所
135,000559,深交所
136,000560,深交所
137,000561,深交所
138,000563,深交所
139,000564,深交所
140,000565,深交所
141,000566,深交所
142,000567,深交所
143,000568,深交所
144,000570,深交所
145,000571,深交所
146,000572,深交所
147,000573,深交所
148,000576,深交所
149,000581,深交所
150,000582,深交所
151,000586,深交所
152,000589,深交所
153,000590,深交所
154,000591,深交所
155,000592,深交所
156,000593,深交所
157,000595,深交所
158,000596,深交所
159,000597,深交所
160,000598,深交所
161,000599,深交所
162,000600,深交所
163,000601,深交所
164,000603,深交所
165,000605,深交所
166,000607,深交所
167,000608,深交所
168,000609,深交所
169,000610,深交所
170,000612,深交所
171,000615,深交所
172,000617,深交所
173,000619,深交所
174,000620,深交所
175,000623,深交所
176,000625,深交所
177,000626,深交所
178,000627,深交所
179,000628,深交所
180,000629,深交所
181,000630,深交所
182,000631,深交所
183,000632,深交所
184,000633,深交所
185,000635,深交所
186,000636,深交所
187,000637,深交所
188,000638,深交所
189,000639,深交所
190,000650,深交所
191,000651,深交所
192,000652,深交所
193,000655,深交所
194,000656,深交所
195,000657,深交所
196,000659,深交所
197,000661,深交所
198,000663,深交所
199,000665,深交所
200,000668,深交所
201,000669,深交所
202,000670,深交所
203,000672,深交所
204,000676,深交所
205,000677,深交所
206,000678,深交所
207,000679,深交所
208,000680,深交所
209,000681,深交所
210,000682,深交所
211,000683,深交所
212,000685,深交所
213,000686,深交所
214,000688,深交所
215,000690,深交所
216,000691,深交所
217,000692,深交所
218,000695,深交所
219,000697,深交所
220,000698,深交所
221,000700,深交所
222,000701,深交所
223,000702,深交所
224,000703,深交所
225,000705,深交所
226,000707,深交所
227,000708,深交所
228,000709,深交所
229,000710,深交所
230,000711,深交所
231,000712,深交所
232,000713,深交所
233,000715,深交所
234,000716,深交所
235,000717,深交所
236,000718,深交所
237,000719,深交所
238,000720,深交所
239,000721,深交所
240,000722,深交所
241,000723,深交所
242,000725,深交所
243,000726,深交所
244,000727,深交所
245,000728,深交所
246,000729,深交所
247,000731,深交所
248,000733,深交所
249,000735,深交所
250,000736,深交所
251,000737,深交所
252,000738,深交所
253,000739,深交所
254,000750,深交所
255,000751,深交所
256,000752,深交所
257,000753,深交所
258,000755,深交所
259,000756,深交所
260,000757,深交所
261,000758,深交所
262,000759,深交所
263,000761,深交所
264,000762,深交所
265,000766,深交所
266,000767,深交所
267,000768,深交所
268,000776,深交所
269,000777,深交所
270,000778,深交所
271,000779,深交所
272,000782,深交所
273,000783,深交所
274,000785,深交所
275,000786,深交所
276,000788,深交所
277,000789,深交所
278,000790,深交所
279,000791,深交所
280,000792,深交所
281,000793,深交所
282,000795,深交所
283,000796,深交所
284,000797,深交所
285,000798,深交所
286,000799,深交所
287,000800,深交所
288,000801,深交所
289,000802,深交所
290,000803,深交所
291,000807,深交所
292,000809,深交所
293,000810,深交所
294,000811,深交所
295,000812,深交所
296,000813,深交所
297,000815,深交所
298,000816,深交所
299,000818,深交所
300,000819,深交所
301,000820,深交所
302,000821,深交所
303,000822,深交所
304,000823,深交所
305,000825,深交所
306,000826,深交所
307,000828,深交所
308,000829,深交所
309,000830,深交所
310,000831,深交所
311,000833,深交所
312,000837,深交所
313,000838,深交所
314,000839,深交所
315,000848,深交所
316,000850,深交所
317,000851,深交所
318,000852,深交所
319,000856,深交所
320,000858,深交所
321,000859,深交所
322,000860,深交所
323,000862,深交所
324,000863,深交所
325,000868,深交所
326,000869,深交所
327,000875,深交所
328,000876,深交所
329,000877,深交所
330,000878,深交所
331,000880,深交所
332,000881,深交所
333,000882,深交所
334,000883,深交所
335,000885,深交所
336,000886,深交所
337,000887,深交所
338,000888,深交所
339,000889,深交所
340,000890,深交所
341,000892,深交所
342,000893,深交所
343,000895,深交所
344,000897,深交所
345,000898,深交所
346,000899,深交所
347,000900,深交所
348,000901,深交所
349,000902,深交所
350,000903,深交所
351,000905,深交所
352,000906,深交所
353,000908,深交所
354,000909,深交所
355,000910,深交所
356,000911,深交所
357,000912,深交所
358,000913,深交所
359,000915,深交所
360,000917,深交所
361,000919,深交所
362,000920,深交所
363,000921,深交所
364,000922,深交所
365,000923,深交所
366,000925,深交所
367,000926,深交所
368,000927,深交所
369,000928,深交所
370,000929,深交所
371,000930,深交所
372,000931,深交所
373,000932,深交所
374,000933,深交所
375,000935,深交所
376,000936,深交所
377,000937,深交所
378,000938,深交所
379,000948,深交所
380,000949,深交所
381,000950,深交所
382,000951,深交所
383,000952,深交所
384,000953,深交所
385,000955,深交所
386,000957,深交所
387,000958,深交所
388,000959,深交所
389,000960,深交所
390,000962,深交所
391,000963,深交所
392,000965,深交所
393,000966,深交所
394,000967,深交所
395,000968,深交所
396,000969,深交所
397,000970,深交所
398,000972,深交所
399,000973,深交所
400,000975,深交所
401,000977,深交所
402,000978,深交所
403,000980,深交所
404,000981,深交所
405,000983,深交所
406,000985,深交所
407,000987,深交所
408,000988,深交所
409,000989,深交所
410,000990,深交所
411,000993,深交所
412,000995,深交所
413,000997,深交所
414,000998,深交所
415,000999,深交所
416,001201,深交所
417,001202,深交所
418,001203,深交所
419,001205,深交所
420,001206,深交所
421,001207,深交所
422,001208,深交所
423,001209,深交所
424,001210,深交所
425,001211,深交所
426,001212,深交所
427,001213,深交所
428,001215,深交所
429,001216,深交所
430,001217,深交所
431,001218,深交所
432,001219,深交所
433,001221,深交所
434,001222,深交所
435,001223,深交所
436,001225,深交所
437,001226,深交所
438,001227,深交所
439,001228,深交所
440,001229,深交所
441,001230,深交所
442,001231,深交所
443,001234,深交所
444,001236,深交所
445,001238,深交所
446,001239,深交所
447,001255,深交所
448,001256,深交所
449,001258,深交所
450,001259,深交所
451,001260,深交所
452,001266,深交所
453,001267,深交所
454,001268,深交所
455,001269,深交所
456,001270,深交所
457,001277,深交所
458,001278,深交所
459,001279,深交所
460,001282,深交所
461,001283,深交所
462,001286,深交所
463,001287,深交所
464,001288,深交所
465,001289,深交所
466,001296,深交所
467,001298,深交所
468,001299,深交所
469,001300,深交所
470,001301,深交所
471,001306,深交所
472,001308,深交所
473,001309,深交所
474,001311,深交所
475,001313,深交所
476,001314,深交所
477,001316,深交所
478,001317,深交所
479,001318,深交所
480,001319,深交所
481,001322,深交所
482,001323,深交所
483,001324,深交所
484,001326,深交所
485,001328,深交所
486,001330,深交所
487,001331,深交所
488,001332,深交所
489,001333,深交所
490,001335,深交所
491,001336,深交所
492,001337,深交所
493,001338,深交所
494,001339,深交所
495,001356,深交所
496,001358,深交所
497,001359,深交所
498,001360,深交所
499,001366,深交所
500,001367,深交所
501,001368,深交所
502,001373,深交所
503,001376,深交所
504,001378,深交所
505,001379,深交所
506,001380,深交所
507,001382,深交所
508,001387,深交所
509,001388,深交所
510,001389,深交所
511,001390,深交所
512,001391,深交所
513,001395,深交所
514,001400,深交所
515,001696,深交所
516,001872,深交所
517,001896,深交所
518,001914,深交所
519,001965,深交所
520,001979,深交所
521,002001,深交所
522,002003,深交所
523,002004,深交所
524,002005,深交所
525,002006,深交所
526,002007,深交所
527,002008,深交所
528,002009,深交所
529,002010,深交所
530,002011,深交所
531,002012,深交所
532,002014,深交所
533,002015,深交所
534,002016,深交所
535,002017,深交所
536,002019,深交所
537,002020,深交所
538,002021,深交所
539,002022,深交所
540,002023,深交所
541,002024,深交所
542,002025,深交所
543,002026,深交所
544,002027,深交所
545,002028,深交所
546,002029,深交所
547,002030,深交所
548,002031,深交所
549,002032,深交所
550,002033,深交所
551,002034,深交所
552,002035,深交所
553,002036,深交所
554,002037,深交所
555,002038,深交所
556,002039,深交所
557,002040,深交所
558,002041,深交所
559,002042,深交所
560,002043,深交所
561,002044,深交所
562,002045,深交所
563,002046,深交所
564,002047,深交所
565,002048,深交所
566,002049,深交所
567,002050,深交所
568,002051,深交所
569,002052,深交所
570,002053,深交所
571,002054,深交所
572,002055,深交所
573,002056,深交所
574,002057,深交所
575,002058,深交所
576,002059,深交所
577,002060,深交所
578,002061,深交所
579,002062,深交所
580,002063,深交所
581,002064,深交所
582,002065,深交所
583,002066,深交所
584,002067,深交所
585,002068,深交所
586,002069,深交所
587,002072,深交所
588,002073,深交所
589,002074,深交所
590,002075,深交所
591,002076,深交所
592,002077,深交所
593,002078,深交所
594,002079,深交所
595,002080,深交所
596,002081,深交所
597,002082,深交所
598,002083,深交所
599,002084,深交所
600,002085,深交所
601,002086,深交所
602,002088,深交所
603,002090,深交所
604,002091,深交所
605,002092,深交所
606,002093,深交所
607,002094,深交所
608,002095,深交所
609,002096,深交所
610,002097,深交所
611,002098,深交所
612,002099,深交所
613,002100,深交所
614,002101,深交所
615,002102,深交所
616,002103,深交所
617,002104,深交所
618,002105,深交所
619,002106,深交所
620,002107,深交所
621,002108,深交所
622,002109,深交所
623,002110,深交所
624,002111,深交所
625,002112,深交所
626,002114,深交所
627,002115,深交所
628,002116,深交所
629,002117,深交所
630,002119,深交所
631,002120,深交所
632,002121,深交所
633,002122,深交所
634,002123,深交所
635,002124,深交所
636,002125,深交所
637,002126,深交所
638,002127,深交所
639,002128,深交所
640,002129,深交所
641,002130,深交所
642,002131,深交所
643,002132,深交所
644,002133,深交所
645,002134,深交所
646,002135,深交所
647,002136,深交所
648,002137,深交所
649,002138,深交所
650,002139,深交所
651,002140,深交所
652,002141,深交所
653,002142,深交所
654,002144,深交所
655,002145,深交所
656,002146,深交所
657,002148,深交所
658,002149,深交所
659,002150,深交所
660,002151,深交所
661,002152,深交所
662,002153,深交所
663,002154,深交所
664,002155,深交所
665,002156,深交所
666,002157,深交所
667,002158,深交所
668,002159,深交所
669,002160,深交所
670,002161,深交所
671,002162,深交所
672,002163,深交所
673,002164,深交所
674,002165,深交所
675,002166,深交所
676,002167,深交所
677,002168,深交所
678,002169,深交所
679,002170,深交所
680,002171,深交所
681,002172,深交所
682,002173,深交所
683,002174,深交所
684,002175,深交所
685,002176,深交所
686,002177,深交所
687,002178,深交所
688,002179,深交所
689,002180,深交所
690,002181,深交所
691,002182,深交所
692,002183,深交所
693,002184,深交所
694,002185,深交所
695,002186,深交所
696,002187,深交所
697,002188,深交所
698,002189,深交所
699,002190,深交所
700,002191,深交所
701,002192,深交所
702,002193,深交所
703,002194,深交所
704,002195,深交所
705,002196,深交所
706,002197,深交所
707,002198,深交所
708,002199,深交所
709,002200,深交所
710,002201,深交所
711,002202,深交所
712,002203,深交所
713,002204,深交所
714,002205,深交所
715,002206,深交所
716,002207,深交所
717,002208,深交所
718,002209,深交所
719,002210,深交所
720,002211,深交所
721,002212,深交所
722,002213,深交所
723,002214,深交所
724,002215,深交所
725,002216,深交所
726,002217,深交所
727,002218,深交所
728,002219,深交所
729,002221,深交所
730,002222,深交所
731,002223,深交所
732,002224,深交所
733,002225,深交所
734,002226,深交所
735,002227,深交所
736,002228,深交所
737,002229,深交所
738,002230,深交所
739,002231,深交所
740,002232,深交所
741,002233,深交所
742,002234,深交所
743,002235,深交所
744,002236,深交所
745,002237,深交所
746,002238,深交所
747,002239,深交所
748,002240,深交所
749,002241,深交所
750,002242,深交所
751,002243,深交所
752,002244,深交所
753,002245,深交所
754,002246,深交所
755,002247,深交所
756,002248,深交所
757,002249,深交所
758,002250,深交所
759,002251,深交所
760,002252,深交所
761,002253,深交所
762,002254,深交所
763,002255,深交所
764,002256,深交所
765,002258,深交所
766,002259,深交所
767,002261,深交所
768,002262,深交所
769,002263,深交所
770,002264,深交所
771,002265,深交所
772,002266,深交所
773,002267,深交所
774,002268,深交所
775,002269,深交所
776,002270,深交所
777,002271,深交所
778,002272,深交所
779,002273,深交所
780,002274,深交所
781,002275,深交所
782,002276,深交所
783,002277,深交所
784,002278,深交所
785,002279,深交所
786,002281,深交所
787,002282,深交所
788,002283,深交所
789,002284,深交所
790,002285,深交所
791,002286,深交所
792,002287,深交所
793,002289,深交所
794,002290,深交所
795,002291,深交所
796,002292,深交所
797,002293,深交所
798,002294,深交所
799,002295,深交所
800,002296,深交所
801,002297,深交所
802,002298,深交所
803,002299,深交所
804,002300,深交所
805,002301,深交所
806,002302,深交所
807,002303,深交所
808,002304,深交所
809,002305,深交所
810,002306,深交所
811,002307,深交所
812,002309,深交所
813,002310,深交所
814,002311,深交所
815,002312,深交所
816,002313,深交所
817,002314,深交所
818,002315,深交所
819,002316,深交所
820,002317,深交所
821,002318,深交所
822,002319,深交所
823,002320,深交所
824,002321,深交所
825,002322,深交所
826,002323,深交所
827,002324,深交所
828,002326,深交所
829,002327,深交所
830,002328,深交所
831,002329,深交所
832,002330,深交所
833,002331,深交所
834,002332,深交所
835,002333,深交所
836,002334,深交所
837,002335,深交所
838,002337,深交所
839,002338,深交所
840,002339,深交所
841,002340,深交所
842,002342,深交所
843,002343,深交所
844,002344,深交所
845,002345,深交所
846,002346,深交所
847,002347,深交所
848,002348,深交所
849,002349,深交所
850,002350,深交所
851,002351,深交所
852,002352,深交所
853,002353,深交所
854,002354,深交所
855,002355,深交所
856,002356,深交所
857,002357,深交所
858,002358,深交所
859,002360,深交所
860,002361,深交所
861,002362,深交所
862,002363,深交所
863,002364,深交所
864,002365,深交所
865,002366,深交所
866,002367,深交所
867,002368,深交所
868,002369,深交所
869,002370,深交所
870,002371,深交所
871,002372,深交所
872,002373,深交所
873,002374,深交所
874,002375,深交所
875,002376,深交所
876,002377,深交所
877,002378,深交所
878,002379,深交所
879,002380,深交所
880,002381,深交所
881,002382,深交所
882,002383,深交所
883,002384,深交所
884,002385,深交所
885,002386,深交所
886,002387,深交所
887,002388,深交所
888,002389,深交所
889,002390,深交所
890,002391,深交所
891,002392,深交所
892,002393,深交所
893,002394,深交所
894,002395,深交所
895,002396,深交所
896,002397,深交所
897,002398,深交所
898,002399,深交所
899,002400,深交所
900,002401,深交所
901,002402,深交所
902,002403,深交所
903,002404,深交所
904,002405,深交所
905,002406,深交所
906,002407,深交所
907,002408,深交所
908,002409,深交所
909,002410,深交所
910,002412,深交所
911,002413,深交所
912,002414,深交所
913,002415,深交所
914,002416,深交所
915,002418,深交所
916,002419,深交所
917,002420,深交所
918,002421,深交所
919,002422,深交所
920,002423,深交所
921,002424,深交所
922,002425,深交所
923,002426,深交所
924,002427,深交所
925,002428,深交所
926,002429,深交所
927,002430,深交所
928,002431,深交所
929,002432,深交所
930,002434,深交所
931,002436,深交所
932,002437,深交所
933,002438,深交所
934,002439,深交所
935,002440,深交所
936,002441,深交所
937,002442,深交所
938,002443,深交所
939,002444,深交所
940,002445,深交所
941,002446,深交所
942,002448,深交所
943,002449,深交所
944,002451,深交所
945,002452,深交所
946,002453,深交所
947,002454,深交所
948,002455,深交所
949,002456,深交所
950,002457,深交所
951,002458,深交所
952,002459,深交所
953,002460,深交所
954,002461,深交所
955,002462,深交所
956,002463,深交所
957,002465,深交所
958,002466,深交所
959,002467,深交所
960,002468,深交所
961,002469,深交所
962,002470,深交所
963,002471,深交所
964,002472,深交所
965,002474,深交所
966,002475,深交所
967,002476,深交所
968,002478,深交所
969,002479,深交所
970,002480,深交所
971,002481,深交所
972,002482,深交所
973,002483,深交所
974,002484,深交所
975,002485,深交所
976,002486,深交所
977,002487,深交所
978,002488,深交所
979,002489,深交所
980,002490,深交所
981,002491,深交所
982,002492,深交所
983,002493,深交所
984,002494,深交所
985,002495,深交所
986,002496,深交所
987,002497,深交所
988,002498,深交所
989,002500,深交所
990,002501,深交所
991,002506,深交所
992,002507,深交所
993,002508,深交所
994,002510,深交所
995,002511,深交所
996,002512,深交所
997,002513,深交所
998,002514,深交所
999,002515,深交所
1000,002516,深交所
1001,002517,深交所
1002,002518,深交所
1003,002519,深交所
1004,002520,深交所
1005,002521,深交所
1006,002522,深交所
1007,002523,深交所
1008,002524,深交所
1009,002526,深交所
1010,002527,深交所
1011,002528,深交所
1012,002529,深交所
1013,002530,深交所
1014,002531,深交所
1015,002532,深交所
1016,002533,深交所
1017,002534,深交所
1018,002535,深交所
1019,002536,深交所
1020,002537,深交所
1021,002538,深交所
1022,002539,深交所
1023,002540,深交所
1024,002541,深交所
1025,002542,深交所
1026,002543,深交所
1027,002544,深交所
1028,002545,深交所
1029,002546,深交所
1030,002547,深交所
1031,002548,深交所
1032,002549,深交所
1033,002550,深交所
1034,002551,深交所
1035,002552,深交所
1036,002553,深交所
1037,002554,深交所
1038,002555,深交所
1039,002556,深交所
1040,002557,深交所
1041,002558,深交所
1042,002559,深交所
1043,002560,深交所
1044,002561,深交所
1045,002562,深交所
1046,002563,深交所
1047,002564,深交所
1048,002565,深交所
1049,002566,深交所
1050,002567,深交所
1051,002568,深交所
1052,002569,深交所
1053,002570,深交所
1054,002571,深交所
1055,002572,深交所
1056,002573,深交所
1057,002574,深交所
1058,002575,深交所
1059,002576,深交所
1060,002577,深交所
1061,002578,深交所
1062,002579,深交所
1063,002580,深交所
1064,002581,深交所
1065,002582,深交所
1066,002583,深交所
1067,002584,深交所
1068,002585,深交所
1069,002586,深交所
1070,002587,深交所
1071,002588,深交所
1072,002589,深交所
1073,002590,深交所
1074,002591,深交所
1075,002592,深交所
1076,002593,深交所
1077,002594,深交所
1078,002595,深交所
1079,002596,深交所
1080,002597,深交所
1081,002598,深交所
1082,002599,深交所
1083,002600,深交所
1084,002601,深交所
1085,002602,深交所
1086,002603,深交所
1087,002605,深交所
1088,002606,深交所
1089,002607,深交所
1090,002608,深交所
1091,002609,深交所
1092,002611,深交所
1093,002612,深交所
1094,002613,深交所
1095,002614,深交所
1096,002615,深交所
1097,002616,深交所
1098,002617,深交所
1099,002620,深交所
1100,002622,深交所
1101,002623,深交所
1102,002624,深交所
1103,002625,深交所
1104,002626,深交所
1105,002627,深交所
1106,002628,深交所
1107,002629,深交所
1108,002630,深交所
1109,002631,深交所
1110,002632,深交所
1111,002633,深交所
1112,002634,深交所
1113,002635,深交所
1114,002636,深交所
1115,002637,深交所
1116,002638,深交所
1117,002639,深交所
1118,002640,深交所
1119,002641,深交所
1120,002642,深交所
1121,002643,深交所
1122,002644,深交所
1123,002645,深交所
1124,002646,深交所
1125,002647,深交所
1126,002648,深交所
1127,002649,深交所
1128,002650,深交所
1129,002651,深交所
1130,002652,深交所
1131,002653,深交所
1132,002654,深交所
1133,002655,深交所
1134,002656,深交所
1135,002657,深交所
1136,002658,深交所
1137,002659,深交所
1138,002660,深交所
1139,002661,深交所
1140,002662,深交所
1141,002663,深交所
1142,002664,深交所
1143,002666,深交所
1144,002667,深交所
1145,002668,深交所
1146,002669,深交所
1147,002670,深交所
1148,002671,深交所
1149,002672,深交所
1150,002673,深交所
1151,002674,深交所
1152,002675,深交所
1153,002676,深交所
1154,002677,深交所
1155,002678,深交所
1156,002679,深交所
1157,002681,深交所
1158,002682,深交所
1159,002683,深交所
1160,002685,深交所
1161,002686,深交所
1162,002687,深交所
1163,002688,深交所
1164,002689,深交所
1165,002690,深交所
1166,002691,深交所
1167,002692,深交所
1168,002693,深交所
1169,002694,深交所
1170,002695,深交所
1171,002696,深交所
1172,002697,深交所
1173,002698,深交所
1174,002700,深交所
1175,002701,深交所
1176,002702,深交所
1177,002703,深交所
1178,002705,深交所
1179,002706,深交所
1180,002707,深交所
1181,002708,深交所
1182,002709,深交所
1183,002712,深交所
1184,002713,深交所
1185,002714,深交所
1186,002715,深交所
1187,002716,深交所
1188,002717,深交所
1189,002718,深交所
1190,002719,深交所
1191,002721,深交所
1192,002722,深交所
1193,002723,深交所
1194,002724,深交所
1195,002725,深交所
1196,002726,深交所
1197,002727,深交所
1198,002728,深交所
1199,002729,深交所
1200,002730,深交所
1201,002731,深交所
1202,002732,深交所
1203,002733,深交所
1204,002734,深交所
1205,002735,深交所
1206,002736,深交所
1207,002737,深交所
1208,002738,深交所
1209,002739,深交所
1210,002741,深交所
1211,002742,深交所
1212,002743,深交所
1213,002745,深交所
1214,002746,深交所
1215,002747,深交所
1216,002748,深交所
1217,002749,深交所
1218,002752,深交所
1219,002753,深交所
1220,002755,深交所
1221,002756,深交所
1222,002757,深交所
1223,002758,深交所
1224,002759,深交所
1225,002760,深交所
1226,002761,深交所
1227,002762,深交所
1228,002763,深交所
1229,002765,深交所
1230,002766,深交所
1231,002767,深交所
1232,002768,深交所
1233,002769,深交所
1234,002771,深交所
1235,002772,深交所
1236,002773,深交所
1237,002774,深交所
1238,002775,深交所
1239,002777,深交所
1240,002778,深交所
1241,002779,深交所
1242,002780,深交所
1243,002782,深交所
1244,002783,深交所
1245,002785,深交所
1246,002786,深交所
1247,002787,深交所
1248,002788,深交所
1249,002789,深交所
1250,002790,深交所
1251,002791,深交所
1252,002792,深交所
1253,002793,深交所
1254,002795,深交所
1255,002796,深交所
1256,002797,深交所
1257,002798,深交所
1258,002799,深交所
1259,002800,深交所
1260,002801,深交所
1261,002802,深交所
1262,002803,深交所
1263,002805,深交所
1264,002806,深交所
1265,002807,深交所
1266,002808,深交所
1267,002809,深交所
1268,002810,深交所
1269,002811,深交所
1270,002812,深交所
1271,002813,深交所
1272,002815,深交所
1273,002816,深交所
1274,002817,深交所
1275,002818,深交所
1276,002819,深交所
1277,002820,深交所
1278,002821,深交所
1279,002822,深交所
1280,002823,深交所
1281,002824,深交所
1282,002825,深交所
1283,002826,深交所
1284,002827,深交所
1285,002828,深交所
1286,002829,深交所
1287,002830,深交所
1288,002831,深交所
1289,002832,深交所
1290,002833,深交所
1291,002835,深交所
1292,002836,深交所
1293,002837,深交所
1294,002838,深交所
1295,002839,深交所
1296,002840,深交所
1297,002841,深交所
1298,002842,深交所
1299,002843,深交所
1300,002845,深交所
1301,002846,深交所
1302,002847,深交所
1303,002848,深交所
1304,002849,深交所
1305,002850,深交所
1306,002851,深交所
1307,002852,深交所
1308,002853,深交所
1309,002855,深交所
1310,002856,深交所
1311,002857,深交所
1312,002858,深交所
1313,002859,深交所
1314,002860,深交所
1315,002861,深交所
1316,002862,深交所
1317,002863,深交所
1318,002864,深交所
1319,002865,深交所
1320,002866,深交所
1321,002867,深交所
1322,002868,深交所
1323,002869,深交所
1324,002870,深交所
1325,002871,深交所
1326,002872,深交所
1327,002873,深交所
1328,002875,深交所
1329,002876,深交所
1330,002877,深交所
1331,002878,深交所
1332,002879,深交所
1333,002880,深交所
1334,002881,深交所
1335,002882,深交所
1336,002883,深交所
1337,002884,深交所
1338,002885,深交所
1339,002886,深交所
1340,002887,深交所
1341,002888,深交所
1342,002889,深交所
1343,002890,深交所
1344,002891,深交所
1345,002892,深交所
1346,002893,深交所
1347,002895,深交所
1348,002896,深交所
1349,002897,深交所
1350,002898,深交所
1351,002899,深交所
1352,002900,深交所
1353,002901,深交所
1354,002902,深交所
1355,002903,深交所
1356,002905,深交所
1357,002906,深交所
1358,002907,深交所
1359,002908,深交所
1360,002909,深交所
1361,002910,深交所
1362,002911,深交所
1363,002912,深交所
1364,002913,深交所
1365,002915,深交所
1366,002916,深交所
1367,002917,深交所
1368,002918,深交所
1369,002919,深交所
1370,002920,深交所
1371,002921,深交所
1372,002922,深交所
1373,002923,深交所
1374,002925,深交所
1375,002926,深交所
1376,002927,深交所
1377,002928,深交所
1378,002929,深交所
1379,002930,深交所
1380,002931,深交所
1381,002932,深交所
1382,002933,深交所
1383,002935,深交所
1384,002936,深交所
1385,002937,深交所
1386,002938,深交所
1387,002939,深交所
1388,002940,深交所
1389,002941,深交所
1390,002942,深交所
1391,002943,深交所
1392,002945,深交所
1393,002946,深交所
1394,002947,深交所
1395,002948,深交所
1396,002949,深交所
1397,002950,深交所
1398,002951,深交所
1399,002952,深交所
1400,002953,深交所
1401,002955,深交所
1402,002956,深交所
1403,002957,深交所
1404,002958,深交所
1405,002959,深交所
1406,002960,深交所
1407,002961,深交所
1408,002962,深交所
1409,002963,深交所
1410,002965,深交所
1411,002966,深交所
1412,002967,深交所
1413,002968,深交所
1414,002969,深交所
1415,002970,深交所
1416,002971,深交所
1417,002972,深交所
1418,002973,深交所
1419,002975,深交所
1420,002976,深交所
1421,002977,深交所
1422,002978,深交所
1423,002979,深交所
1424,002980,深交所
1425,002981,深交所
1426,002982,深交所
1427,002983,深交所
1428,002984,深交所
1429,002985,深交所
1430,002986,深交所
1431,002987,深交所
1432,002988,深交所
1433,002989,深交所
1434,002990,深交所
1435,002991,深交所
1436,002992,深交所
1437,002993,深交所
1438,002995,深交所
1439,002996,深交所
1440,002997,深交所
1441,002998,深交所
1442,002999,深交所
1443,003000,深交所
1444,003001,深交所
1445,003002,深交所
1446,003003,深交所
1447,003004,深交所
1448,003005,深交所
1449,003006,深交所
1450,003007,深交所
1451,003008,深交所
1452,003009,深交所
1453,003010,深交所
1454,003011,深交所
1455,003012,深交所
1456,003013,深交所
1457,003015,深交所
1458,003016,深交所
1459,003017,深交所
1460,003018,深交所
1461,003019,深交所
1462,003020,深交所
1463,003021,深交所
1464,003022,深交所
1465,003023,深交所
1466,003025,深交所
1467,003026,深交所
1468,003027,深交所
1469,003028,深交所
1470,003029,深交所
1471,003030,深交所
1472,003031,深交所
1473,003032,深交所
1474,003033,深交所
1475,003035,深交所
1476,003036,深交所
1477,003037,深交所
1478,003038,深交所
1479,003039,深交所
1480,003040,深交所
1481,003041,深交所
1482,003042,深交所
1483,003043,深交所
1484,003816,深交所
1485,300001,创业板
1486,300002,创业板
1487,300003,创业板
1488,300004,创业板
1489,300005,创业板
1490,300006,创业板
1491,300007,创业板
1492,300008,创业板
1493,300009,创业板
1494,300010,创业板
1495,300011,创业板
1496,300012,创业板
1497,300013,创业板
1498,300014,创业板
1499,300015,创业板
1500,300016,创业板
1501,300017,创业板
1502,300018,创业板
1503,300019,创业板
1504,300020,创业板
1505,300021,创业板
1506,300022,创业板
1507,300024,创业板
1508,300025,创业板
1509,300026,创业板
1510,300027,创业板
1511,300029,创业板
1512,300030,创业板
1513,300031,创业板
1514,300032,创业板
1515,300033,创业板
1516,300034,创业板
1517,300035,创业板
1518,300036,创业板
1519,300037,创业板
1520,300039,创业板
1521,300040,创业板
1522,300041,创业板
1523,300042,创业板
1524,300043,创业板
1525,300044,创业板
1526,300045,创业板
1527,300046,创业板
1528,300047,创业板
1529,300048,创业板
1530,300049,创业板
1531,300050,创业板
1532,300051,创业板
1533,300052,创业板
1534,300053,创业板
1535,300054,创业板
1536,300055,创业板
1537,300056,创业板
1538,300057,创业板
1539,300058,创业板
1540,300059,创业板
1541,300061,创业板
1542,300062,创业板
1543,300063,创业板
1544,300065,创业板
1545,300066,创业板
1546,300067,创业板
1547,300068,创业板
1548,300069,创业板
1549,300070,创业板
1550,300071,创业板
1551,300072,创业板
1552,300073,创业板
1553,300074,创业板
1554,300075,创业板
1555,300076,创业板
1556,300077,创业板
1557,300078,创业板
1558,300079,创业板
1559,300080,创业板
1560,300081,创业板
1561,300082,创业板
1562,300083,创业板
1563,300084,创业板
1564,300085,创业板
1565,300086,创业板
1566,300087,创业板
1567,300088,创业板
1568,300091,创业板
1569,300092,创业板
1570,300093,创业板
1571,300094,创业板
1572,300095,创业板
1573,300096,创业板
1574,300097,创业板
1575,300098,创业板
1576,300099,创业板
1577,300100,创业板
1578,300101,创业板
1579,300102,创业板
1580,300103,创业板
1581,300105,创业板
1582,300106,创业板
1583,300107,创业板
1584,300109,创业板
1585,300110,创业板
1586,300111,创业板
1587,300112,创业板
1588,300113,创业板
1589,300115,创业板
1590,300118,创业板
1591,300119,创业板
1592,300120,创业板
1593,300121,创业板
1594,300122,创业板
1595,300123,创业板
1596,300124,创业板
1597,300125,创业板
1598,300126,创业板
1599,300127,创业板
1600,300128,创业板
1601,300129,创业板
1602,300130,创业板
1603,300131,创业板
1604,300132,创业板
1605,300133,创业板
1606,300134,创业板
1607,300135,创业板
1608,300136,创业板
1609,300137,创业板
1610,300138,创业板
1611,300139,创业板
1612,300140,创业板
1613,300141,创业板
1614,300142,创业板
1615,300143,创业板
1616,300144,创业板
1617,300145,创业板
1618,300146,创业板
1619,300147,创业板
1620,300148,创业板
1621,300149,创业板
1622,300150,创业板
1623,300151,创业板
1624,300152,创业板
1625,300153,创业板
1626,300154,创业板
1627,300155,创业板
1628,300157,创业板
1629,300158,创业板
1630,300159,创业板
1631,300160,创业板
1632,300161,创业板
1633,300162,创业板
1634,300163,创业板
1635,300164,创业板
1636,300165,创业板
1637,300166,创业板
1638,300167,创业板
1639,300168,创业板
1640,300169,创业板
1641,300170,创业板
1642,300171,创业板
1643,300172,创业板
1644,300173,创业板
1645,300174,创业板
1646,300175,创业板
1647,300176,创业板
1648,300177,创业板
1649,300179,创业板
1650,300180,创业板
1651,300181,创业板
1652,300182,创业板
1653,300183,创业板
1654,300184,创业板
1655,300185,创业板
1656,300187,创业板
1657,300188,创业板
1658,300189,创业板
1659,300190,创业板
1660,300191,创业板
1661,300192,创业板
1662,300193,创业板
1663,300194,创业板
1664,300195,创业板
1665,300196,创业板
1666,300197,创业板
1667,300198,创业板
1668,300199,创业板
1669,300200,创业板
1670,300201,创业板
1671,300203,创业板
1672,300204,创业板
1673,300205,创业板
1674,300206,创业板
1675,300207,创业板
1676,300209,创业板
1677,300210,创业板
1678,300211,创业板
1679,300212,创业板
1680,300213,创业板
1681,300214,创业板
1682,300215,创业板
1683,300217,创业板
1684,300218,创业板
1685,300219,创业板
1686,300220,创业板
1687,300221,创业板
1688,300222,创业板
1689,300223,创业板
1690,300224,创业板
1691,300225,创业板
1692,300226,创业板
1693,300227,创业板
1694,300228,创业板
1695,300229,创业板
1696,300230,创业板
1697,300231,创业板
1698,300232,创业板
1699,300233,创业板
1700,300234,创业板
1701,300235,创业板
1702,300236,创业板
1703,300237,创业板
1704,300238,创业板
1705,300239,创业板
1706,300240,创业板
1707,300241,创业板
1708,300242,创业板
1709,300243,创业板
1710,300244,创业板
1711,300245,创业板
1712,300246,创业板
1713,300247,创业板
1714,300248,创业板
1715,300249,创业板
1716,300250,创业板
1717,300251,创业板
1718,300252,创业板
1719,300253,创业板
1720,300254,创业板
1721,300255,创业板
1722,300256,创业板
1723,300257,创业板
1724,300258,创业板
1725,300259,创业板
1726,300260,创业板
1727,300261,创业板
1728,300263,创业板
1729,300264,创业板
1730,300265,创业板
1731,300266,创业板
1732,300267,创业板
1733,300268,创业板
1734,300269,创业板
1735,300270,创业板
1736,300271,创业板
1737,300272,创业板
1738,300274,创业板
1739,300275,创业板
1740,300276,创业板
1741,300277,创业板
1742,300278,创业板
1743,300279,创业板
1744,300280,创业板
1745,300281,创业板
1746,300283,创业板
1747,300284,创业板
1748,300285,创业板
1749,300286,创业板
1750,300287,创业板
1751,300288,创业板
1752,300289,创业板
1753,300290,创业板
1754,300291,创业板
1755,300292,创业板
1756,300293,创业板
1757,300294,创业板
1758,300295,创业板
1759,300296,创业板
1760,300298,创业板
1761,300299,创业板
1762,300300,创业板
1763,300301,创业板
1764,300302,创业板
1765,300303,创业板
1766,300304,创业板
1767,300305,创业板
1768,300306,创业板
1769,300307,创业板
1770,300308,创业板
1771,300310,创业板
1772,300311,创业板
1773,300313,创业板
1774,300314,创业板
1775,300315,创业板
1776,300316,创业板
1777,300317,创业板
1778,300318,创业板
1779,300319,创业板
1780,300320,创业板
1781,300321,创业板
1782,300322,创业板
1783,300323,创业板
1784,300324,创业板
1785,300326,创业板
1786,300327,创业板
1787,300328,创业板
1788,300329,创业板
1789,300331,创业板
1790,300332,创业板
1791,300333,创业板
1792,300334,创业板
1793,300335,创业板
1794,300337,创业板
1795,300338,创业板
1796,300339,创业板
1797,300340,创业板
1798,300341,创业板
1799,300342,创业板
1800,300343,创业板
1801,300344,创业板
1802,300345,创业板
1803,300346,创业板
1804,300347,创业板
1805,300348,创业板
1806,300349,创业板
1807,300350,创业板
1808,300351,创业板
1809,300352,创业板
1810,300353,创业板
1811,300354,创业板
1812,300355,创业板
1813,300357,创业板
1814,300358,创业板
1815,300359,创业板
1816,300360,创业板
1817,300363,创业板
1818,300364,创业板
1819,300365,创业板
1820,300366,创业板
1821,300368,创业板
1822,300369,创业板
1823,300370,创业板
1824,300371,创业板
1825,300373,创业板
1826,300374,创业板
1827,300375,创业板
1828,300376,创业板
1829,300377,创业板
1830,300378,创业板
1831,300379,创业板
1832,300380,创业板
1833,300381,创业板
1834,300382,创业板
1835,300383,创业板
1836,300384,创业板
1837,300385,创业板
1838,300386,创业板
1839,300387,创业板
1840,300388,创业板
1841,300389,创业板
1842,300390,创业板
1843,300391,创业板
1844,300393,创业板
1845,300394,创业板
1846,300395,创业板
1847,300396,创业板
1848,300397,创业板
1849,300398,创业板
1850,300399,创业板
1851,300400,创业板
1852,300401,创业板
1853,300402,创业板
1854,300403,创业板
1855,300404,创业板
1856,300405,创业板
1857,300406,创业板
1858,300407,创业板
1859,300408,创业板
1860,300409,创业板
1861,300410,创业板
1862,300411,创业板
1863,300412,创业板
1864,300413,创业板
1865,300414,创业板
1866,300415,创业板
1867,300416,创业板
1868,300417,创业板
1869,300418,创业板
1870,300419,创业板
1871,300420,创业板
1872,300421,创业板
1873,300422,创业板
1874,300423,创业板
1875,300424,创业板
1876,300425,创业板
1877,300426,创业板
1878,300427,创业板
1879,300428,创业板
1880,300429,创业板
1881,300430,创业板
1882,300432,创业板
1883,300433,创业板
1884,300434,创业板
1885,300435,创业板
1886,300436,创业板
1887,300437,创业板
1888,300438,创业板
1889,300439,创业板
1890,300440,创业板
1891,300441,创业板
1892,300442,创业板
1893,300443,创业板
1894,300444,创业板
1895,300445,创业板
1896,300446,创业板
1897,300447,创业板
1898,300448,创业板
1899,300449,创业板
1900,300450,创业板
1901,300451,创业板
1902,300452,创业板
1903,300453,创业板
1904,300454,创业板
1905,300455,创业板
1906,300456,创业板
1907,300457,创业板
1908,300458,创业板
1909,300459,创业板
1910,300460,创业板
1911,300461,创业板
1912,300462,创业板
1913,300463,创业板
1914,300464,创业板
1915,300465,创业板
1916,300466,创业板
1917,300467,创业板
1918,300468,创业板
1919,300469,创业板
1920,300470,创业板
1921,300471,创业板
1922,300472,创业板
1923,300473,创业板
1924,300474,创业板
1925,300475,创业板
1926,300476,创业板
1927,300477,创业板
1928,300478,创业板
1929,300479,创业板
1930,300480,创业板
1931,300481,创业板
1932,300482,创业板
1933,300483,创业板
1934,300484,创业板
1935,300485,创业板
1936,300486,创业板
1937,300487,创业板
1938,300488,创业板
1939,300489,创业板
1940,300490,创业板
1941,300491,创业板
1942,300492,创业板
1943,300493,创业板
1944,300494,创业板
1945,300496,创业板
1946,300497,创业板
1947,300498,创业板
1948,300499,创业板
1949,300500,创业板
1950,300501,创业板
1951,300502,创业板
1952,300503,创业板
1953,300504,创业板
1954,300505,创业板
1955,300506,创业板
1956,300507,创业板
1957,300508,创业板
1958,300509,创业板
1959,300510,创业板
1960,300511,创业板
1961,300512,创业板
1962,300513,创业板
1963,300514,创业板
1964,300515,创业板
1965,300516,创业板
1966,300517,创业板
1967,300518,创业板
1968,300519,创业板
1969,300520,创业板
1970,300521,创业板
1971,300522,创业板
1972,300523,创业板
1973,300525,创业板
1974,300527,创业板
1975,300528,创业板
1976,300529,创业板
1977,300530,创业板
1978,300531,创业板
1979,300532,创业板
1980,300533,创业板
1981,300534,创业板
1982,300535,创业板
1983,300536,创业板
1984,300537,创业板
1985,300538,创业板
1986,300539,创业板
1987,300540,创业板
1988,300541,创业板
1989,300542,创业板
1990,300543,创业板
1991,300545,创业板
1992,300546,创业板
1993,300547,创业板
1994,300548,创业板
1995,300549,创业板
1996,300550,创业板
1997,300551,创业板
1998,300552,创业板
1999,300553,创业板
2000,300554,创业板
2001,300555,创业板
2002,300556,创业板
2003,300557,创业板
2004,300558,创业板
2005,300559,创业板
2006,300560,创业板
2007,300561,创业板
2008,300562,创业板
2009,300563,创业板
2010,300564,创业板
2011,300565,创业板
2012,300566,创业板
2013,300567,创业板
2014,300568,创业板
2015,300569,创业板
2016,300570,创业板
2017,300571,创业板
2018,300572,创业板
2019,300573,创业板
2020,300575,创业板
2021,300576,创业板
2022,300577,创业板
2023,300578,创业板
2024,300579,创业板
2025,300580,创业板
2026,300581,创业板
2027,300582,创业板
2028,300583,创业板
2029,300584,创业板
2030,300585,创业板
2031,300586,创业板
2032,300587,创业板
2033,300588,创业板
2034,300589,创业板
2035,300590,创业板
2036,300591,创业板
2037,300592,创业板
2038,300593,创业板
2039,300594,创业板
2040,300595,创业板
2041,300596,创业板
2042,300597,创业板
2043,300598,创业板
2044,300599,创业板
2045,300600,创业板
2046,300601,创业板
2047,300602,创业板
2048,300603,创业板
2049,300604,创业板
2050,300605,创业板
2051,300606,创业板
2052,300607,创业板
2053,300608,创业板
2054,300609,创业板
2055,300610,创业板
2056,300611,创业板
2057,300612,创业板
2058,300613,创业板
2059,300614,创业板
2060,300615,创业板
2061,300616,创业板
2062,300617,创业板
2063,300618,创业板
2064,300619,创业板
2065,300620,创业板
2066,300621,创业板
2067,300622,创业板
2068,300623,创业板
2069,300624,创业板
2070,300625,创业板
2071,300626,创业板
2072,300627,创业板
2073,300628,创业板
2074,300629,创业板
2075,300631,创业板
2076,300632,创业板
2077,300633,创业板
2078,300634,创业板
2079,300635,创业板
2080,300636,创业板
2081,300637,创业板
2082,300638,创业板
2083,300639,创业板
2084,300640,创业板
2085,300641,创业板
2086,300642,创业板
2087,300643,创业板
2088,300644,创业板
2089,300645,创业板
2090,300647,创业板
2091,300648,创业板
2092,300649,创业板
2093,300650,创业板
2094,300651,创业板
2095,300652,创业板
2096,300653,创业板
2097,300654,创业板
2098,300655,创业板
2099,300656,创业板
2100,300657,创业板
2101,300658,创业板
2102,300659,创业板
2103,300660,创业板
2104,300661,创业板
2105,300662,创业板
2106,300663,创业板
2107,300664,创业板
2108,300665,创业板
2109,300666,创业板
2110,300667,创业板
2111,300668,创业板
2112,300669,创业板
2113,300670,创业板
2114,300671,创业板
2115,300672,创业板
2116,300673,创业板
2117,300674,创业板
2118,300675,创业板
2119,300676,创业板
2120,300677,创业板
2121,300678,创业板
2122,300679,创业板
2123,300680,创业板
2124,300681,创业板
2125,300682,创业板
2126,300683,创业板
2127,300684,创业板
2128,300685,创业板
2129,300686,创业板
2130,300687,创业板
2131,300688,创业板
2132,300689,创业板
2133,300690,创业板
2134,300691,创业板
2135,300692,创业板
2136,300693,创业板
2137,300694,创业板
2138,300695,创业板
2139,300696,创业板
2140,300697,创业板
2141,300698,创业板
2142,300699,创业板
2143,300700,创业板
2144,300701,创业板
2145,300702,创业板
2146,300703,创业板
2147,300705,创业板
2148,300706,创业板
2149,300707,创业板
2150,300708,创业板
2151,300709,创业板
2152,300710,创业板
2153,300711,创业板
2154,300712,创业板
2155,300713,创业板
2156,300715,创业板
2157,300716,创业板
2158,300717,创业板
2159,300718,创业板
2160,300719,创业板
2161,300720,创业板
2162,300721,创业板
2163,300722,创业板
2164,300723,创业板
2165,300724,创业板
2166,300725,创业板
2167,300726,创业板
2168,300727,创业板
2169,300729,创业板
2170,300730,创业板
2171,300731,创业板
2172,300732,创业板
2173,300733,创业板
2174,300735,创业板
2175,300736,创业板
2176,300737,创业板
2177,300738,创业板
2178,300739,创业板
2179,300740,创业板
2180,300741,创业板
2181,300743,创业板
2182,300745,创业板
2183,300746,创业板
2184,300747,创业板
2185,300748,创业板
2186,300749,创业板
2187,300750,创业板
2188,300751,创业板
2189,300752,创业板
2190,300753,创业板
2191,300755,创业板
2192,300756,创业板
2193,300757,创业板
2194,300758,创业板
2195,300759,创业板
2196,300760,创业板
2197,300761,创业板
2198,300762,创业板
2199,300763,创业板
2200,300765,创业板
2201,300766,创业板
2202,300767,创业板
2203,300768,创业板
2204,300769,创业板
2205,300770,创业板
2206,300771,创业板
2207,300772,创业板
2208,300773,创业板
2209,300774,创业板
2210,300775,创业板
2211,300776,创业板
2212,300777,创业板
2213,300778,创业板
2214,300779,创业板
2215,300780,创业板
2216,300781,创业板
2217,300782,创业板
2218,300783,创业板
2219,300784,创业板
2220,300785,创业板
2221,300786,创业板
2222,300787,创业板
2223,300788,创业板
2224,300789,创业板
2225,300790,创业板
2226,300791,创业板
2227,300792,创业板
2228,300793,创业板
2229,300795,创业板
2230,300796,创业板
2231,300797,创业板
2232,300798,创业板
2233,300800,创业板
2234,300801,创业板
2235,300802,创业板
2236,300803,创业板
2237,300804,创业板
2238,300805,创业板
2239,300806,创业板
2240,300807,创业板
2241,300808,创业板
2242,300809,创业板
2243,300810,创业板
2244,300811,创业板
2245,300812,创业板
2246,300813,创业板
2247,300814,创业板
2248,300815,创业板
2249,300816,创业板
2250,300817,创业板
2251,300818,创业板
2252,300819,创业板
2253,300820,创业板
2254,300821,创业板
2255,300822,创业板
2256,300823,创业板
2257,300824,创业板
2258,300825,创业板
2259,300826,创业板
2260,300827,创业板
2261,300828,创业板
2262,300829,创业板
2263,300830,创业板
2264,300831,创业板
2265,300832,创业板
2266,300833,创业板
2267,300834,创业板
2268,300835,创业板
2269,300836,创业板
2270,300837,创业板
2271,300838,创业板
2272,300839,创业板
2273,300840,创业板
2274,300841,创业板
2275,300842,创业板
2276,300843,创业板
2277,300844,创业板
2278,300845,创业板
2279,300846,创业板
2280,300847,创业板
2281,300848,创业板
2282,300849,创业板
2283,300850,创业板
2284,300851,创业板
2285,300852,创业板
2286,300853,创业板
2287,300854,创业板
2288,300855,创业板
2289,300856,创业板
2290,300857,创业板
2291,300858,创业板
2292,300859,创业板
2293,300860,创业板
2294,300861,创业板
2295,300862,创业板
2296,300863,创业板
2297,300864,创业板
2298,300865,创业板
2299,300866,创业板
2300,300867,创业板
2301,300868,创业板
2302,300869,创业板
2303,300870,创业板
2304,300871,创业板
2305,300872,创业板
2306,300873,创业板
2307,300875,创业板
2308,300876,创业板
2309,300877,创业板
2310,300878,创业板
2311,300879,创业板
2312,300880,创业板
2313,300881,创业板
2314,300882,创业板
2315,300883,创业板
2316,300884,创业板
2317,300885,创业板
2318,300886,创业板
2319,300887,创业板
2320,300888,创业板
2321,300889,创业板
2322,300890,创业板
2323,300891,创业板
2324,300892,创业板
2325,300893,创业板
2326,300894,创业板
2327,300895,创业板
2328,300896,创业板
2329,300897,创业板
2330,300898,创业板
2331,300899,创业板
2332,300900,创业板
2333,300901,创业板
2334,300902,创业板
2335,300903,创业板
2336,300904,创业板
2337,300905,创业板
2338,300906,创业板
2339,300907,创业板
2340,300908,创业板
2341,300909,创业板
2342,300910,创业板
2343,300911,创业板
2344,300912,创业板
2345,300913,创业板
2346,300915,创业板
2347,300916,创业板
2348,300917,创业板
2349,300918,创业板
2350,300919,创业板
2351,300920,创业板
2352,300921,创业板
2353,300922,创业板
2354,300923,创业板
2355,300925,创业板
2356,300926,创业板
2357,300927,创业板
2358,300928,创业板
2359,300929,创业板
2360,300930,创业板
2361,300931,创业板
2362,300932,创业板
2363,300933,创业板
2364,300935,创业板
2365,300936,创业板
2366,300937,创业板
2367,300938,创业板
2368,300939,创业板
2369,300940,创业板
2370,300941,创业板
2371,300942,创业板
2372,300943,创业板
2373,300945,创业板
2374,300946,创业板
2375,300947,创业板
2376,300948,创业板
2377,300949,创业板
2378,300950,创业板
2379,300951,创业板
2380,300952,创业板
2381,300953,创业板
2382,300955,创业板
2383,300956,创业板
2384,300957,创业板
2385,300958,创业板
2386,300959,创业板
2387,300960,创业板
2388,300961,创业板
2389,300962,创业板
2390,300963,创业板
2391,300964,创业板
2392,300965,创业板
2393,300966,创业板
2394,300967,创业板
2395,300968,创业板
2396,300969,创业板
2397,300970,创业板
2398,300971,创业板
2399,300972,创业板
2400,300973,创业板
2401,300975,创业板
2402,300976,创业板
2403,300977,创业板
2404,300978,创业板
2405,300979,创业板
2406,300980,创业板
2407,300981,创业板
2408,300982,创业板
2409,300983,创业板
2410,300984,创业板
2411,300985,创业板
2412,300986,创业板
2413,300987,创业板
2414,300988,创业板
2415,300989,创业板
2416,300990,创业板
2417,300991,创业板
2418,300992,创业板
2419,300993,创业板
2420,300994,创业板
2421,300995,创业板
2422,300996,创业板
2423,300997,创业板
2424,300998,创业板
2425,300999,创业板
2426,301000,创业板
2427,301001,创业板
2428,301002,创业板
2429,301003,创业板
2430,301004,创业板
2431,301005,创业板
2432,301006,创业板
2433,301007,创业板
2434,301008,创业板
2435,301009,创业板
2436,301010,创业板
2437,301011,创业板
2438,301012,创业板
2439,301013,创业板
2440,301015,创业板
2441,301016,创业板
2442,301017,创业板
2443,301018,创业板
2444,301019,创业板
2445,301020,创业板
2446,301021,创业板
2447,301022,创业板
2448,301023,创业板
2449,301024,创业板
2450,301025,创业板
2451,301026,创业板
2452,301027,创业板
2453,301028,创业板
2454,301029,创业板
2455,301030,创业板
2456,301031,创业板
2457,301032,创业板
2458,301033,创业板
2459,301035,创业板
2460,301036,创业板
2461,301037,创业板
2462,301038,创业板
2463,301039,创业板
2464,301040,创业板
2465,301041,创业板
2466,301042,创业板
2467,301043,创业板
2468,301045,创业板
2469,301046,创业板
2470,301047,创业板
2471,301048,创业板
2472,301049,创业板
2473,301050,创业板
2474,301051,创业板
2475,301052,创业板
2476,301053,创业板
2477,301055,创业板
2478,301056,创业板
2479,301057,创业板
2480,301058,创业板
2481,301059,创业板
2482,301060,创业板
2483,301061,创业板
2484,301062,创业板
2485,301063,创业板
2486,301065,创业板
2487,301066,创业板
2488,301067,创业板
2489,301068,创业板
2490,301069,创业板
2491,301070,创业板
2492,301071,创业板
2493,301072,创业板
2494,301073,创业板
2495,301075,创业板
2496,301076,创业板
2497,301077,创业板
2498,301078,创业板
2499,301079,创业板
2500,301080,创业板
2501,301081,创业板
2502,301082,创业板
2503,301083,创业板
2504,301085,创业板
2505,301086,创业板
2506,301087,创业板
2507,301088,创业板
2508,301089,创业板
2509,301090,创业板
2510,301091,创业板
2511,301092,创业板
2512,301093,创业板
2513,301095,创业板
2514,301096,创业板
2515,301097,创业板
2516,301098,创业板
2517,301099,创业板
2518,301100,创业板
2519,301101,创业板
2520,301102,创业板
2521,301103,创业板
2522,301105,创业板
2523,301106,创业板
2524,301107,创业板
2525,301108,创业板
2526,301109,创业板
2527,301110,创业板
2528,301111,创业板
2529,301112,创业板
2530,301113,创业板
2531,301115,创业板
2532,301116,创业板
2533,301117,创业板
2534,301118,创业板
2535,301119,创业板
2536,301120,创业板
2537,301121,创业板
2538,301122,创业板
2539,301123,创业板
2540,301125,创业板
2541,301126,创业板
2542,301127,创业板
2543,301128,创业板
2544,301129,创业板
2545,301130,创业板
2546,301131,创业板
2547,301132,创业板
2548,301133,创业板
2549,301135,创业板
2550,301136,创业板
2551,301137,创业板
2552,301138,创业板
2553,301139,创业板
2554,301141,创业板
2555,301148,创业板
2556,301149,创业板
2557,301150,创业板
2558,301151,创业板
2559,301152,创业板
2560,301153,创业板
2561,301155,创业板
2562,301156,创业板
2563,301157,创业板
2564,301158,创业板
2565,301159,创业板
2566,301160,创业板
2567,301161,创业板
2568,301162,创业板
2569,301163,创业板
2570,301165,创业板
2571,301166,创业板
2572,301167,创业板
2573,301168,创业板
2574,301169,创业板
2575,301170,创业板
2576,301171,创业板
2577,301172,创业板
2578,301173,创业板
2579,301175,创业板
2580,301176,创业板
2581,301177,创业板
2582,301178,创业板
2583,301179,创业板
2584,301180,创业板
2585,301181,创业板
2586,301182,创业板
2587,301183,创业板
2588,301185,创业板
2589,301186,创业板
2590,301187,创业板
2591,301188,创业板
2592,301189,创业板
2593,301190,创业板
2594,301191,创业板
2595,301192,创业板
2596,301193,创业板
2597,301195,创业板
2598,301196,创业板
2599,301197,创业板
2600,301198,创业板
2601,301199,创业板
2602,301200,创业板
2603,301201,创业板
2604,301202,创业板
2605,301203,创业板
2606,301205,创业板
2607,301206,创业板
2608,301207,创业板
2609,301208,创业板
2610,301209,创业板
2611,301210,创业板
2612,301211,创业板
2613,301212,创业板
2614,301213,创业板
2615,301215,创业板
2616,301216,创业板
2617,301217,创业板
2618,301218,创业板
2619,301219,创业板
2620,301220,创业板
2621,301221,创业板
2622,301222,创业板
2623,301223,创业板
2624,301225,创业板
2625,301226,创业板
2626,301227,创业板
2627,301228,创业板
2628,301229,创业板
2629,301230,创业板
2630,301231,创业板
2631,301232,创业板
2632,301233,创业板
2633,301234,创业板
2634,301235,创业板
2635,301236,创业板
2636,301237,创业板
2637,301238,创业板
2638,301239,创业板
2639,301246,创业板
2640,301248,创业板
2641,301251,创业板
2642,301252,创业板
2643,301255,创业板
2644,301256,创业板
2645,301257,创业板
2646,301258,创业板
2647,301259,创业板
2648,301260,创业板
2649,301261,创业板
2650,301262,创业板
2651,301263,创业板
2652,301265,创业板
2653,301266,创业板
2654,301267,创业板
2655,301268,创业板
2656,301269,创业板
2657,301270,创业板
2658,301272,创业板
2659,301273,创业板
2660,301275,创业板
2661,301276,创业板
2662,301277,创业板
2663,301278,创业板
2664,301279,创业板
2665,301280,创业板
2666,301281,创业板
2667,301282,创业板
2668,301283,创业板
2669,301285,创业板
2670,301286,创业板
2671,301287,创业板
2672,301288,创业板
2673,301289,创业板
2674,301290,创业板
2675,301291,创业板
2676,301292,创业板
2677,301293,创业板
2678,301295,创业板
2679,301296,创业板
2680,301297,创业板
2681,301298,创业板
2682,301299,创业板
2683,301300,创业板
2684,301301,创业板
2685,301302,创业板
2686,301303,创业板
2687,301305,创业板
2688,301306,创业板
2689,301307,创业板
2690,301308,创业板
2691,301309,创业板
2692,301310,创业板
2693,301311,创业板
2694,301312,创业板
2695,301313,创业板
2696,301314,创业板
2697,301315,创业板
2698,301316,创业板
2699,301317,创业板
2700,301318,创业板
2701,301319,创业板
2702,301320,创业板
2703,301321,创业板
2704,301322,创业板
2705,301323,创业板
2706,301325,创业板
2707,301326,创业板
2708,301327,创业板
2709,301328,创业板
2710,301329,创业板
2711,301330,创业板
2712,301331,创业板
2713,301332,创业板
2714,301333,创业板
2715,301335,创业板
2716,301336,创业板
2717,301337,创业板
2718,301338,创业板
2719,301339,创业板
2720,301345,创业板
2721,301348,创业板
2722,301349,创业板
2723,301353,创业板
2724,301355,创业板
2725,301356,创业板
2726,301357,创业板
2727,301358,创业板
2728,301359,创业板
2729,301360,创业板
2730,301361,创业板
2731,301362,创业板
2732,301363,创业板
2733,301365,创业板
2734,301366,创业板
2735,301367,创业板
2736,301368,创业板
2737,301369,创业板
2738,301370,创业板
2739,301371,创业板
2740,301372,创业板
2741,301373,创业板
2742,301376,创业板
2743,301377,创业板
2744,301378,创业板
2745,301379,创业板
2746,301380,创业板
2747,301381,创业板
2748,301382,创业板
2749,301383,创业板
2750,301386,创业板
2751,301387,创业板
2752,301388,创业板
2753,301389,创业板
2754,301390,创业板
2755,301391,创业板
2756,301392,创业板
2757,301393,创业板
2758,301395,创业板
2759,301396,创业板
2760,301397,创业板
2761,301398,创业板
2762,301399,创业板
2763,301408,创业板
2764,301413,创业板
2765,301418,创业板
2766,301419,创业板
2767,301421,创业板
2768,301428,创业板
2769,301429,创业板
2770,301439,创业板
2771,301446,创业板
2772,301448,创业板
2773,301456,创业板
2774,301458,创业板
2775,301459,创业板
2776,301468,创业板
2777,301469,创业板
2778,301479,创业板
2779,301486,创业板
2780,301487,创业板
2781,301488,创业板
2782,301489,创业板
2783,301491,创业板
2784,301498,创业板
2785,301499,创业板
2786,301500,创业板
2787,301501,创业板
2788,301502,创业板
2789,301503,创业板
2790,301505,创业板
2791,301507,创业板
2792,301508,创业板
2793,301509,创业板
2794,301510,创业板
2795,301511,创业板
2796,301512,创业板
2797,301515,创业板
2798,301516,创业板
2799,301517,创业板
2800,301518,创业板
2801,301519,创业板
2802,301520,创业板
2803,301522,创业板
2804,301525,创业板
2805,301526,创业板
2806,301528,创业板
2807,301529,创业板
2808,301533,创业板
2809,301535,创业板
2810,301536,创业板
2811,301538,创业板
2812,301539,创业板
2813,301548,创业板
2814,301550,创业板
2815,301551,创业板
2816,301552,创业板
2817,301555,创业板
2818,301556,创业板
2819,301557,创业板
2820,301558,创业板
2821,301559,创业板
2822,301560,创业板
2823,301565,创业板
2824,301566,创业板
2825,301567,创业板
2826,301568,创业板
2827,301571,创业板
2828,301577,创业板
2829,301578,创业板
2830,301580,创业板
2831,301581,创业板
2832,301585,创业板
2833,301586,创业板
2834,301587,创业板
2835,301588,创业板
2836,301589,创业板
2837,301590,创业板
2838,301591,创业板
2839,301592,创业板
2840,301595,创业板
2841,301596,创业板
2842,301598,创业板
2843,301600,创业板
2844,301601,创业板
2845,301602,创业板
2846,301603,创业板
2847,301606,创业板
2848,301607,创业板
2849,301608,创业板
2850,301609,创业板
2851,301611,创业板
2852,301613,创业板
2853,301616,创业板
2854,301617,创业板
2855,301618,创业板
2856,301622,创业板
2857,301626,创业板
2858,301628,创业板
2859,301629,创业板
2860,301630,创业板
2861,301631,创业板
2862,301632,创业板
2863,301633,创业板
2864,301636,创业板
2865,301658,创业板
2866,301662,创业板
2867,301665,创业板
2868,301678,创业板
2869,302132,未知
2870,430017,北交所
2871,430047,北交所
2872,430090,北交所
2873,430139,北交所
2874,430198,北交所
2875,430300,北交所
2876,430418,北交所
2877,430425,北交所
2878,430476,北交所
2879,430478,北交所
2880,430510,北交所
2881,430556,北交所
2882,430564,北交所
2883,430685,北交所
2884,430718,北交所
2885,600000,上交所
2886,600004,上交所
2887,600006,上交所
2888,600007,上交所
2889,600008,上交所
2890,600009,上交所
2891,600010,上交所
2892,600011,上交所
2893,600012,上交所
2894,600015,上交所
2895,600016,上交所
2896,600017,上交所
2897,600018,上交所
2898,600019,上交所
2899,600020,上交所
2900,600021,上交所
2901,600022,上交所
2902,600023,上交所
2903,600025,上交所
2904,600026,上交所
2905,600027,上交所
2906,600028,上交所
2907,600029,上交所
2908,600030,上交所
2909,600031,上交所
2910,600032,上交所
2911,600033,上交所
2912,600035,上交所
2913,600036,上交所
2914,600037,上交所
2915,600038,上交所
2916,600039,上交所
2917,600048,上交所
2918,600050,上交所
2919,600051,上交所
2920,600052,上交所
2921,600053,上交所
2922,600054,上交所
2923,600055,上交所
2924,600056,上交所
2925,600057,上交所
2926,600058,上交所
2927,600059,上交所
2928,600060,上交所
2929,600061,上交所
2930,600062,上交所
2931,600063,上交所
2932,600064,上交所
2933,600066,上交所
2934,600067,上交所
2935,600071,上交所
2936,600072,上交所
2937,600073,上交所
2938,600075,上交所
2939,600076,上交所
2940,600078,上交所
2941,600079,上交所
2942,600080,上交所
2943,600081,上交所
2944,600082,上交所
2945,600084,上交所
2946,600085,上交所
2947,600088,上交所
2948,600089,上交所
2949,600094,上交所
2950,600095,上交所
2951,600096,上交所
2952,600097,上交所
2953,600098,上交所
2954,600099,上交所
2955,600100,上交所
2956,600101,上交所
2957,600103,上交所
2958,600104,上交所
2959,600105,上交所
2960,600106,上交所
2961,600107,上交所
2962,600108,上交所
2963,600109,上交所
2964,600110,上交所
2965,600111,上交所
2966,600113,上交所
2967,600114,上交所
2968,600115,上交所
2969,600116,上交所
2970,600117,上交所
2971,600118,上交所
2972,600119,上交所
2973,600120,上交所
2974,600121,上交所
2975,600123,上交所
2976,600125,上交所
2977,600126,上交所
2978,600127,上交所
2979,600128,上交所
2980,600129,上交所
2981,600130,上交所
2982,600131,上交所
2983,600132,上交所
2984,600133,上交所
2985,600135,上交所
2986,600136,上交所
2987,600137,上交所
2988,600138,上交所
2989,600141,上交所
2990,600143,上交所
2991,600148,上交所
2992,600149,上交所
2993,600150,上交所
2994,600151,上交所
2995,600152,上交所
2996,600153,上交所
2997,600155,上交所
2998,600156,上交所
2999,600157,上交所
3000,600158,上交所
3001,600159,上交所
3002,600160,上交所
3003,600161,上交所
3004,600162,上交所
3005,600163,上交所
3006,600165,上交所
3007,600166,上交所
3008,600167,上交所
3009,600168,上交所
3010,600169,上交所
3011,600170,上交所
3012,600171,上交所
3013,600172,上交所
3014,600173,上交所
3015,600176,上交所
3016,600177,上交所
3017,600178,上交所
3018,600179,上交所
3019,600180,上交所
3020,600182,上交所
3021,600183,上交所
3022,600184,上交所
3023,600185,上交所
3024,600186,上交所
3025,600187,上交所
3026,600188,上交所
3027,600189,上交所
3028,600191,上交所
3029,600192,上交所
3030,600193,上交所
3031,600195,上交所
3032,600196,上交所
3033,600197,上交所
3034,600198,上交所
3035,600199,上交所
3036,600200,上交所
3037,600201,上交所
3038,600202,上交所
3039,600203,上交所
3040,600206,上交所
3041,600207,上交所
3042,600208,上交所
3043,600210,上交所
3044,600211,上交所
3045,600212,上交所
3046,600215,上交所
3047,600216,上交所
3048,600217,上交所
3049,600218,上交所
3050,600219,上交所
3051,600221,上交所
3052,600222,上交所
3053,600223,上交所
3054,600226,上交所
3055,600227,上交所
3056,600228,上交所
3057,600229,上交所
3058,600230,上交所
3059,600231,上交所
3060,600232,上交所
3061,600233,上交所
3062,600234,上交所
3063,600235,上交所
3064,600236,上交所
3065,600237,上交所
3066,600238,上交所
3067,600239,上交所
3068,600241,上交所
3069,600243,上交所
3070,600246,上交所
3071,600248,上交所
3072,600249,上交所
3073,600250,上交所
3074,600251,上交所
3075,600252,上交所
3076,600255,上交所
3077,600256,上交所
3078,600257,上交所
3079,600258,上交所
3080,600259,上交所
3081,600261,上交所
3082,600262,上交所
3083,600265,上交所
3084,600266,上交所
3085,600267,上交所
3086,600268,上交所
3087,600269,上交所
3088,600271,上交所
3089,600272,上交所
3090,600273,上交所
3091,600276,上交所
3092,600278,上交所
3093,600279,上交所
3094,600280,上交所
3095,600281,上交所
3096,600282,上交所
3097,600283,上交所
3098,600284,上交所
3099,600285,上交所
3100,600287,上交所
3101,600288,上交所
3102,600289,上交所
3103,600292,上交所
3104,600293,上交所
3105,600295,上交所
3106,600298,上交所
3107,600299,上交所
3108,600300,上交所
3109,600301,上交所
3110,600302,上交所
3111,600303,上交所
3112,600305,上交所
3113,600307,上交所
3114,600308,上交所
3115,600309,上交所
3116,600310,上交所
3117,600312,上交所
3118,600313,上交所
3119,600315,上交所
3120,600316,上交所
3121,600318,上交所
3122,600319,上交所
3123,600320,上交所
3124,600322,上交所
3125,600323,上交所
3126,600325,上交所
3127,600326,上交所
3128,600327,上交所
3129,600328,上交所
3130,600329,上交所
3131,600330,上交所
3132,600331,上交所
3133,600332,上交所
3134,600333,上交所
3135,600335,上交所
3136,600336,上交所
3137,600337,上交所
3138,600338,上交所
3139,600339,上交所
3140,600340,上交所
3141,600343,上交所
3142,600345,上交所
3143,600346,上交所
3144,600348,上交所
3145,600350,上交所
3146,600351,上交所
3147,600352,上交所
3148,600353,上交所
3149,600354,上交所
3150,600355,上交所
3151,600356,上交所
3152,600358,上交所
3153,600359,上交所
3154,600360,上交所
3155,600361,上交所
3156,600362,上交所
3157,600363,上交所
3158,600365,上交所
3159,600366,上交所
3160,600367,上交所
3161,600368,上交所
3162,600369,上交所
3163,600370,上交所
3164,600371,上交所
3165,600372,上交所
3166,600373,上交所
3167,600375,上交所
3168,600376,上交所
3169,600377,上交所
3170,600378,上交所
3171,600379,上交所
3172,600380,上交所
3173,600381,上交所
3174,600382,上交所
3175,600383,上交所
3176,600386,上交所
3177,600388,上交所
3178,600389,上交所
3179,600390,上交所
3180,600391,上交所
3181,600392,上交所
3182,600395,上交所
3183,600396,上交所
3184,600397,上交所
3185,600398,上交所
3186,600399,上交所
3187,600400,上交所
3188,600403,上交所
3189,600405,上交所
3190,600406,上交所
3191,600408,上交所
3192,600409,上交所
3193,600410,上交所
3194,600415,上交所
3195,600416,上交所
3196,600418,上交所
3197,600419,上交所
3198,600420,上交所
3199,600421,上交所
3200,600422,上交所
3201,600423,上交所
3202,600425,上交所
3203,600426,上交所
3204,600428,上交所
3205,600429,上交所
3206,600433,上交所
3207,600435,上交所
3208,600436,上交所
3209,600438,上交所
3210,600439,上交所
3211,600444,上交所
3212,600446,上交所
3213,600448,上交所
3214,600449,上交所
3215,600452,上交所
3216,600455,上交所
3217,600456,上交所
3218,600458,上交所
3219,600459,上交所
3220,600460,上交所
3221,600461,上交所
3222,600463,上交所
3223,600467,上交所
3224,600468,上交所
3225,600469,上交所
3226,600470,上交所
3227,600475,上交所
3228,600476,上交所
3229,600477,上交所
3230,600478,上交所
3231,600479,上交所
3232,600480,上交所
3233,600481,上交所
3234,600482,上交所
3235,600483,上交所
3236,600486,上交所
3237,600487,上交所
3238,600488,上交所
3239,600489,上交所
3240,600490,上交所
3241,600491,上交所
3242,600493,上交所
3243,600495,上交所
3244,600496,上交所
3245,600497,上交所
3246,600498,上交所
3247,600499,上交所
3248,600500,上交所
3249,600501,上交所
3250,600502,上交所
3251,600503,上交所
3252,600505,上交所
3253,600506,上交所
3254,600507,上交所
3255,600508,上交所
3256,600509,上交所
3257,600510,上交所
3258,600511,上交所
3259,600512,上交所
3260,600513,上交所
3261,600515,上交所
3262,600516,上交所
3263,600517,上交所
3264,600518,上交所
3265,600519,上交所
3266,600520,上交所
3267,600521,上交所
3268,600522,上交所
3269,600523,上交所
3270,600525,上交所
3271,600526,上交所
3272,600527,上交所
3273,600528,上交所
3274,600529,上交所
3275,600530,上交所
3276,600531,上交所
3277,600533,上交所
3278,600535,上交所
3279,600536,上交所
3280,600537,上交所
3281,600538,上交所
3282,600539,上交所
3283,600540,上交所
3284,600543,上交所
3285,600545,上交所
3286,600546,上交所
3287,600547,上交所
3288,600548,上交所
3289,600549,上交所
3290,600550,上交所
3291,600551,上交所
3292,600552,上交所
3293,600556,上交所
3294,600557,上交所
3295,600558,上交所
3296,600559,上交所
3297,600560,上交所
3298,600561,上交所
3299,600562,上交所
3300,600563,上交所
3301,600566,上交所
3302,600567,上交所
3303,600568,上交所
3304,600569,上交所
3305,600570,上交所
3306,600571,上交所
3307,600572,上交所
3308,600573,上交所
3309,600575,上交所
3310,600576,上交所
3311,600577,上交所
3312,600578,上交所
3313,600579,上交所
3314,600580,上交所
3315,600581,上交所
3316,600582,上交所
3317,600583,上交所
3318,600584,上交所
3319,600585,上交所
3320,600586,上交所
3321,600587,上交所
3322,600588,上交所
3323,600589,上交所
3324,600590,上交所
3325,600592,上交所
3326,600593,上交所
3327,600594,上交所
3328,600595,上交所
3329,600596,上交所
3330,600597,上交所
3331,600598,上交所
3332,600599,上交所
3333,600600,上交所
3334,600601,上交所
3335,600602,上交所
3336,600603,上交所
3337,600604,上交所
3338,600605,上交所
3339,600606,上交所
3340,600608,上交所
3341,600609,上交所
3342,600610,上交所
3343,600611,上交所
3344,600612,上交所
3345,600613,上交所
3346,600615,上交所
3347,600616,上交所
3348,600617,上交所
3349,600618,上交所
3350,600619,上交所
3351,600620,上交所
3352,600621,上交所
3353,600622,上交所
3354,600623,上交所
3355,600624,上交所
3356,600626,上交所
3357,600628,上交所
3358,600629,上交所
3359,600630,上交所
3360,600633,上交所
3361,600635,上交所
3362,600636,上交所
3363,600637,上交所
3364,600638,上交所
3365,600639,上交所
3366,600640,上交所
3367,600641,上交所
3368,600642,上交所
3369,600643,上交所
3370,600644,上交所
3371,600645,上交所
3372,600648,上交所
3373,600649,上交所
3374,600650,上交所
3375,600651,上交所
3376,600653,上交所
3377,600654,上交所
3378,600655,上交所
3379,600657,上交所
3380,600658,上交所
3381,600660,上交所
3382,600661,上交所
3383,600662,上交所
3384,600663,上交所
3385,600664,上交所
3386,600665,上交所
3387,600666,上交所
3388,600667,上交所
3389,600668,上交所
3390,600671,上交所
3391,600673,上交所
3392,600674,上交所
3393,600675,上交所
3394,600676,上交所
3395,600678,上交所
3396,600679,上交所
3397,600681,上交所
3398,600682,上交所
3399,600683,上交所
3400,600684,上交所
3401,600685,上交所
3402,600686,上交所
3403,600688,上交所
3404,600689,上交所
3405,600690,上交所
3406,600691,上交所
3407,600692,上交所
3408,600693,上交所
3409,600694,上交所
3410,600696,上交所
3411,600697,上交所
3412,600698,上交所
3413,600699,上交所
3414,600702,上交所
3415,600703,上交所
3416,600704,上交所
3417,600706,上交所
3418,600707,上交所
3419,600708,上交所
3420,600710,上交所
3421,600711,上交所
3422,600712,上交所
3423,600713,上交所
3424,600714,上交所
3425,600715,上交所
3426,600716,上交所
3427,600717,上交所
3428,600718,上交所
3429,600719,上交所
3430,600720,上交所
3431,600721,上交所
3432,600722,上交所
3433,600724,上交所
3434,600725,上交所
3435,600726,上交所
3436,600727,上交所
3437,600728,上交所
3438,600729,上交所
3439,600730,上交所
3440,600731,上交所
3441,600732,上交所
3442,600733,上交所
3443,600734,上交所
3444,600735,上交所
3445,600736,上交所
3446,600737,上交所
3447,600738,上交所
3448,600739,上交所
3449,600740,上交所
3450,600741,上交所
3451,600742,上交所
3452,600743,上交所
3453,600744,上交所
3454,600745,上交所
3455,600746,上交所
3456,600748,上交所
3457,600749,上交所
3458,600750,上交所
3459,600751,上交所
3460,600753,上交所
3461,600754,上交所
3462,600755,上交所
3463,600756,上交所
3464,600757,上交所
3465,600758,上交所
3466,600759,上交所
3467,600760,上交所
3468,600761,上交所
3469,600763,上交所
3470,600764,上交所
3471,600765,上交所
3472,600768,上交所
3473,600769,上交所
3474,600770,上交所
3475,600771,上交所
3476,600773,上交所
3477,600774,上交所
3478,600775,上交所
3479,600776,上交所
3480,600777,上交所
3481,600778,上交所
3482,600779,上交所
3483,600780,上交所
3484,600782,上交所
3485,600783,上交所
3486,600784,上交所
3487,600785,上交所
3488,600787,上交所
3489,600789,上交所
3490,600790,上交所
3491,600791,上交所
3492,600792,上交所
3493,600793,上交所
3494,600794,上交所
3495,600795,上交所
3496,600796,上交所
3497,600797,上交所
3498,600798,上交所
3499,600800,上交所
3500,600801,上交所
3501,600802,上交所
3502,600803,上交所
3503,600805,上交所
3504,600807,上交所
3505,600808,上交所
3506,600809,上交所
3507,600810,上交所
3508,600812,上交所
3509,600814,上交所
3510,600815,上交所
3511,600816,上交所
3512,600817,上交所
3513,600818,上交所
3514,600819,上交所
3515,600820,上交所
3516,600821,上交所
3517,600822,上交所
3518,600824,上交所
3519,600825,上交所
3520,600826,上交所
3521,600827,上交所
3522,600828,上交所
3523,600829,上交所
3524,600830,上交所
3525,600831,上交所
3526,600833,上交所
3527,600834,上交所
3528,600835,上交所
3529,600838,上交所
3530,600839,上交所
3531,600841,上交所
3532,600843,上交所
3533,600844,上交所
3534,600845,上交所
3535,600846,上交所
3536,600847,上交所
3537,600848,上交所
3538,600850,上交所
3539,600851,上交所
3540,600853,上交所
3541,600854,上交所
3542,600855,上交所
3543,600857,上交所
3544,600858,上交所
3545,600859,上交所
3546,600860,上交所
3547,600861,上交所
3548,600862,上交所
3549,600863,上交所
3550,600864,上交所
3551,600865,上交所
3552,600866,上交所
3553,600867,上交所
3554,600868,上交所
3555,600869,上交所
3556,600871,上交所
3557,600872,上交所
3558,600873,上交所
3559,600874,上交所
3560,600875,上交所
3561,600876,上交所
3562,600877,上交所
3563,600879,上交所
3564,600880,上交所
3565,600881,上交所
3566,600882,上交所
3567,600883,上交所
3568,600884,上交所
3569,600885,上交所
3570,600886,上交所
3571,600887,上交所
3572,600888,上交所
3573,600889,上交所
3574,600892,上交所
3575,600893,上交所
3576,600894,上交所
3577,600895,上交所
3578,600897,上交所
3579,600900,上交所
3580,600901,上交所
3581,600903,上交所
3582,600905,上交所
3583,600906,上交所
3584,600908,上交所
3585,600909,上交所
3586,600916,上交所
3587,600917,上交所
3588,600918,上交所
3589,600919,上交所
3590,600925,上交所
3591,600926,上交所
3592,600927,上交所
3593,600928,上交所
3594,600929,上交所
3595,600930,上交所
3596,600933,上交所
3597,600935,上交所
3598,600936,上交所
3599,600938,上交所
3600,600939,上交所
3601,600941,上交所
3602,600955,上交所
3603,600956,上交所
3604,600958,上交所
3605,600959,上交所
3606,600960,上交所
3607,600961,上交所
3608,600962,上交所
3609,600963,上交所
3610,600965,上交所
3611,600966,上交所
3612,600967,上交所
3613,600968,上交所
3614,600969,上交所
3615,600970,上交所
3616,600971,上交所
3617,600973,上交所
3618,600975,上交所
3619,600976,上交所
3620,600977,上交所
3621,600979,上交所
3622,600980,上交所
3623,600981,上交所
3624,600982,上交所
3625,600983,上交所
3626,600984,上交所
3627,600985,上交所
3628,600986,上交所
3629,600987,上交所
3630,600988,上交所
3631,600989,上交所
3632,600990,上交所
3633,600992,上交所
3634,600993,上交所
3635,600995,上交所
3636,600996,上交所
3637,600997,上交所
3638,600998,上交所
3639,600999,上交所
3640,601000,上交所
3641,601001,上交所
3642,601002,上交所
3643,601003,上交所
3644,601005,上交所
3645,601006,上交所
3646,601007,上交所
3647,601008,上交所
3648,601009,上交所
3649,601010,上交所
3650,601011,上交所
3651,601012,上交所
3652,601015,上交所
3653,601016,上交所
3654,601018,上交所
3655,601019,上交所
3656,601020,上交所
3657,601021,上交所
3658,601022,上交所
3659,601033,上交所
3660,601038,上交所
3661,601058,上交所
3662,601059,上交所
3663,601061,上交所
3664,601065,上交所
3665,601066,上交所
3666,601068,上交所
3667,601069,上交所
3668,601077,上交所
3669,601083,上交所
3670,601086,上交所
3671,601088,上交所
3672,601089,上交所
3673,601096,上交所
3674,601098,上交所
3675,601099,上交所
3676,601100,上交所
3677,601101,上交所
3678,601106,上交所
3679,601107,上交所
3680,601108,上交所
3681,601111,上交所
3682,601113,上交所
3683,601116,上交所
3684,601117,上交所
3685,601118,上交所
3686,601121,上交所
3687,601126,上交所
3688,601127,上交所
3689,601128,上交所
3690,601133,上交所
3691,601136,上交所
3692,601137,上交所
3693,601138,上交所
3694,601139,上交所
3695,601155,上交所
3696,601156,上交所
3697,601158,上交所
3698,601162,上交所
3699,601163,上交所
3700,601166,上交所
3701,601168,上交所
3702,601169,上交所
3703,601177,上交所
3704,601179,上交所
3705,601186,上交所
3706,601187,上交所
3707,601188,上交所
3708,601198,上交所
3709,601199,上交所
3710,601200,上交所
3711,601208,上交所
3712,601211,上交所
3713,601212,上交所
3714,601216,上交所
3715,601218,上交所
3716,601222,上交所
3717,601225,上交所
3718,601226,上交所
3719,601228,上交所
3720,601229,上交所
3721,601231,上交所
3722,601233,上交所
3723,601236,上交所
3724,601238,上交所
3725,601279,上交所
3726,601288,上交所
3727,601298,上交所
3728,601311,上交所
3729,601318,上交所
3730,601319,上交所
3731,601326,上交所
3732,601328,上交所
3733,601330,上交所
3734,601333,上交所
3735,601336,上交所
3736,601339,上交所
3737,601360,上交所
3738,601366,上交所
3739,601368,上交所
3740,601369,上交所
3741,601375,上交所
3742,601377,上交所
3743,601388,上交所
3744,601390,上交所
3745,601398,上交所
3746,601399,上交所
3747,601456,上交所
3748,601500,上交所
3749,601512,上交所
3750,601515,上交所
3751,601518,上交所
3752,601519,上交所
3753,601528,上交所
3754,601555,上交所
3755,601566,上交所
3756,601567,上交所
3757,601568,上交所
3758,601577,上交所
3759,601579,上交所
3760,601588,上交所
3761,601595,上交所
3762,601598,上交所
3763,601599,上交所
3764,601600,上交所
3765,601601,上交所
3766,601606,上交所
3767,601607,上交所
3768,601608,上交所
3769,601609,上交所
3770,601611,上交所
3771,601615,上交所
3772,601616,上交所
3773,601618,上交所
3774,601619,上交所
3775,601628,上交所
3776,601633,上交所
3777,601636,上交所
3778,601658,上交所
3779,601665,上交所
3780,601666,上交所
3781,601668,上交所
3782,601669,上交所
3783,601677,上交所
3784,601678,上交所
3785,601686,上交所
3786,601688,上交所
3787,601689,上交所
3788,601696,上交所
3789,601698,上交所
3790,601699,上交所
3791,601700,上交所
3792,601702,上交所
3793,601717,上交所
3794,601718,上交所
3795,601727,上交所
3796,601728,上交所
3797,601766,上交所
3798,601777,上交所
3799,601778,上交所
3800,601788,上交所
3801,601789,上交所
3802,601798,上交所
3803,601799,上交所
3804,601800,上交所
3805,601801,上交所
3806,601808,上交所
3807,601811,上交所
3808,601816,上交所
3809,601818,上交所
3810,601825,上交所
3811,601827,上交所
3812,601828,上交所
3813,601838,上交所
3814,601857,上交所
3815,601858,上交所
3816,601860,上交所
3817,601865,上交所
3818,601866,上交所
3819,601868,上交所
3820,601869,上交所
3821,601872,上交所
3822,601877,上交所
3823,601878,上交所
3824,601880,上交所
3825,601881,上交所
3826,601882,上交所
3827,601886,上交所
3828,601888,上交所
3829,601890,上交所
3830,601898,上交所
3831,601899,上交所
3832,601900,上交所
3833,601901,上交所
3834,601908,上交所
3835,601916,上交所
3836,601918,上交所
3837,601919,上交所
3838,601921,上交所
3839,601928,上交所
3840,601929,上交所
3841,601933,上交所
3842,601939,上交所
3843,601949,上交所
3844,601952,上交所
3845,601956,上交所
3846,601958,上交所
3847,601963,上交所
3848,601965,上交所
3849,601966,上交所
3850,601968,上交所
3851,601969,上交所
3852,601975,上交所
3853,601985,上交所
3854,601988,上交所
3855,601990,上交所
3856,601991,上交所
3857,601992,上交所
3858,601995,上交所
3859,601996,上交所
3860,601997,上交所
3861,601998,上交所
3862,601999,上交所
3863,603000,上交所
3864,603001,上交所
3865,603002,上交所
3866,603004,上交所
3867,603005,上交所
3868,603006,上交所
3869,603007,上交所
3870,603008,上交所
3871,603009,上交所
3872,603010,上交所
3873,603011,上交所
3874,603012,上交所
3875,603013,上交所
3876,603014,上交所
3877,603015,上交所
3878,603016,上交所
3879,603017,上交所
3880,603018,上交所
3881,603019,上交所
3882,603020,上交所
3883,603021,上交所
3884,603022,上交所
3885,603023,上交所
3886,603025,上交所
3887,603026,上交所
3888,603027,上交所
3889,603028,上交所
3890,603029,上交所
3891,603030,上交所
3892,603031,上交所
3893,603032,上交所
3894,603033,上交所
3895,603035,上交所
3896,603036,上交所
3897,603037,上交所
3898,603038,上交所
3899,603039,上交所
3900,603040,上交所
3901,603041,上交所
3902,603042,上交所
3903,603043,上交所
3904,603045,上交所
3905,603048,上交所
3906,603049,上交所
3907,603050,上交所
3908,603051,上交所
3909,603052,上交所
3910,603053,上交所
3911,603055,上交所
3912,603056,上交所
3913,603057,上交所
3914,603058,上交所
3915,603059,上交所
3916,603060,上交所
3917,603061,上交所
3918,603062,上交所
3919,603063,上交所
3920,603065,上交所
3921,603066,上交所
3922,603067,上交所
3923,603068,上交所
3924,603069,上交所
3925,603070,上交所
3926,603071,上交所
3927,603072,上交所
3928,603073,上交所
3929,603075,上交所
3930,603076,上交所
3931,603077,上交所
3932,603078,上交所
3933,603079,上交所
3934,603080,上交所
3935,603081,上交所
3936,603082,上交所
3937,603083,上交所
3938,603085,上交所
3939,603086,上交所
3940,603087,上交所
3941,603088,上交所
3942,603089,上交所
3943,603090,上交所
3944,603091,上交所
3945,603093,上交所
3946,603095,上交所
3947,603096,上交所
3948,603097,上交所
3949,603098,上交所
3950,603099,上交所
3951,603100,上交所
3952,603101,上交所
3953,603102,上交所
3954,603103,上交所
3955,603105,上交所
3956,603106,上交所
3957,603107,上交所
3958,603108,上交所
3959,603109,上交所
3960,603110,上交所
3961,603111,上交所
3962,603112,上交所
3963,603113,上交所
3964,603115,上交所
3965,603116,上交所
3966,603117,上交所
3967,603118,上交所
3968,603119,上交所
3969,603120,上交所
3970,603121,上交所
3971,603122,上交所
3972,603123,上交所
3973,603124,上交所
3974,603125,上交所
3975,603126,上交所
3976,603127,上交所
3977,603128,上交所
3978,603129,上交所
3979,603130,上交所
3980,603131,上交所
3981,603132,上交所
3982,603135,上交所
3983,603136,上交所
3984,603137,上交所
3985,603138,上交所
3986,603139,上交所
3987,603150,上交所
3988,603151,上交所
3989,603153,上交所
3990,603155,上交所
3991,603156,上交所
3992,603158,上交所
3993,603159,上交所
3994,603160,上交所
3995,603161,上交所
3996,603162,上交所
3997,603163,上交所
3998,603165,上交所
3999,603166,上交所
4000,603167,上交所
4001,603168,上交所
4002,603169,上交所
4003,603170,上交所
4004,603171,上交所
4005,603172,上交所
4006,603173,上交所
4007,603176,上交所
4008,603177,上交所
4009,603178,上交所
4010,603179,上交所
4011,603180,上交所
4012,603181,上交所
4013,603182,上交所
4014,603183,上交所
4015,603185,上交所
4016,603186,上交所
4017,603187,上交所
4018,603188,上交所
4019,603189,上交所
4020,603190,上交所
4021,603191,上交所
4022,603192,上交所
4023,603193,上交所
4024,603194,上交所
4025,603195,上交所
4026,603196,上交所
4027,603197,上交所
4028,603198,上交所
4029,603199,上交所
4030,603200,上交所
4031,603201,上交所
4032,603202,上交所
4033,603203,上交所
4034,603205,上交所
4035,603206,上交所
4036,603207,上交所
4037,603208,上交所
4038,603209,上交所
4039,603210,上交所
4040,603211,上交所
4041,603212,上交所
4042,603213,上交所
4043,603214,上交所
4044,603215,上交所
4045,603216,上交所
4046,603217,上交所
4047,603218,上交所
4048,603219,上交所
4049,603220,上交所
4050,603221,上交所
4051,603222,上交所
4052,603223,上交所
4053,603225,上交所
4054,603226,上交所
4055,603227,上交所
4056,603228,上交所
4057,603229,上交所
4058,603230,上交所
4059,603231,上交所
4060,603232,上交所
4061,603233,上交所
4062,603235,上交所
4063,603236,上交所
4064,603237,上交所
4065,603238,上交所
4066,603239,上交所
4067,603255,上交所
4068,603256,上交所
4069,603257,上交所
4070,603258,上交所
4071,603259,上交所
4072,603260,上交所
4073,603261,上交所
4074,603262,上交所
4075,603266,上交所
4076,603267,上交所
4077,603268,上交所
4078,603269,上交所
4079,603270,上交所
4080,603271,上交所
4081,603272,上交所
4082,603273,上交所
4083,603275,上交所
4084,603276,上交所
4085,603277,上交所
4086,603278,上交所
4087,603279,上交所
4088,603280,上交所
4089,603281,上交所
4090,603282,上交所
4091,603283,上交所
4092,603285,上交所
4093,603286,上交所
4094,603288,上交所
4095,603289,上交所
4096,603290,上交所
4097,603291,上交所
4098,603296,上交所
4099,603297,上交所
4100,603298,上交所
4101,603299,上交所
4102,603300,上交所
4103,603301,上交所
4104,603303,上交所
4105,603305,上交所
4106,603306,上交所
4107,603307,上交所
4108,603308,上交所
4109,603309,上交所
4110,603310,上交所
4111,603311,上交所
4112,603312,上交所
4113,603313,上交所
4114,603315,上交所
4115,603316,上交所
4116,603317,上交所
4117,603318,上交所
4118,603319,上交所
4119,603320,上交所
4120,603321,上交所
4121,603322,上交所
4122,603323,上交所
4123,603324,上交所
4124,603325,上交所
4125,603326,上交所
4126,603327,上交所
4127,603328,上交所
4128,603329,上交所
4129,603330,上交所
4130,603331,上交所
4131,603332,上交所
4132,603333,上交所
4133,603335,上交所
4134,603336,上交所
4135,603337,上交所
4136,603338,上交所
4137,603339,上交所
4138,603341,上交所
4139,603344,上交所
4140,603345,上交所
4141,603348,上交所
4142,603350,上交所
4143,603351,上交所
4144,603353,上交所
4145,603355,上交所
4146,603356,上交所
4147,603357,上交所
4148,603358,上交所
4149,603359,上交所
4150,603360,上交所
4151,603363,上交所
4152,603365,上交所
4153,603366,上交所
4154,603367,上交所
4155,603368,上交所
4156,603369,上交所
4157,603373,上交所
4158,603375,上交所
4159,603377,上交所
4160,603378,上交所
4161,603379,上交所
4162,603380,上交所
4163,603381,上交所
4164,603382,上交所
4165,603383,上交所
4166,603385,上交所
4167,603386,上交所
4168,603387,上交所
4169,603388,上交所
4170,603389,上交所
4171,603390,上交所
4172,603391,上交所
4173,603392,上交所
4174,603393,上交所
4175,603395,上交所
4176,603396,上交所
4177,603398,上交所
4178,603399,上交所
4179,603400,上交所
4180,603406,上交所
4181,603408,上交所
4182,603409,上交所
4183,603416,上交所
4184,603421,上交所
4185,603429,上交所
4186,603439,上交所
4187,603444,上交所
4188,603456,上交所
4189,603458,上交所
4190,603466,上交所
4191,603477,上交所
4192,603486,上交所
4193,603488,上交所
4194,603489,上交所
4195,603496,上交所
4196,603499,上交所
4197,603500,上交所
4198,603501,上交所
4199,603505,上交所
4200,603506,上交所
4201,603507,上交所
4202,603508,上交所
4203,603511,上交所
4204,603515,上交所
4205,603516,上交所
4206,603517,上交所
4207,603518,上交所
4208,603519,上交所
4209,603520,上交所
4210,603527,上交所
4211,603528,上交所
4212,603529,上交所
4213,603530,上交所
4214,603533,上交所
4215,603535,上交所
4216,603536,上交所
4217,603538,上交所
4218,603551,上交所
4219,603556,上交所
4220,603557,上交所
4221,603558,上交所
4222,603559,上交所
4223,603565,上交所
4224,603566,上交所
4225,603567,上交所
4226,603568,上交所
4227,603569,上交所
4228,603577,上交所
4229,603578,上交所
4230,603579,上交所
4231,603580,上交所
4232,603583,上交所
4233,603585,上交所
4234,603586,上交所
4235,603587,上交所
4236,603588,上交所
4237,603589,上交所
4238,603590,上交所
4239,603595,上交所
4240,603596,上交所
4241,603598,上交所
4242,603599,上交所
4243,603600,上交所
4244,603601,上交所
4245,603602,上交所
4246,603605,上交所
4247,603606,上交所
4248,603607,上交所
4249,603608,上交所
4250,603609,上交所
4251,603610,上交所
4252,603611,上交所
4253,603612,上交所
4254,603613,上交所
4255,603615,上交所
4256,603616,上交所
4257,603617,上交所
4258,603618,上交所
4259,603619,上交所
4260,603626,上交所
4261,603628,上交所
4262,603629,上交所
4263,603630,上交所
4264,603633,上交所
4265,603636,上交所
4266,603637,上交所
4267,603638,上交所
4268,603639,上交所
4269,603648,上交所
4270,603650,上交所
4271,603655,上交所
4272,603656,上交所
4273,603657,上交所
4274,603658,上交所
4275,603659,上交所
4276,603660,上交所
4277,603661,上交所
4278,603662,上交所
4279,603663,上交所
4280,603665,上交所
4281,603666,上交所
4282,603667,上交所
4283,603668,上交所
4284,603669,上交所
4285,603676,上交所
4286,603677,上交所
4287,603678,上交所
4288,603679,上交所
4289,603680,上交所
4290,603681,上交所
4291,603682,上交所
4292,603683,上交所
4293,603685,上交所
4294,603686,上交所
4295,603687,上交所
4296,603688,上交所
4297,603689,上交所
4298,603690,上交所
4299,603693,上交所
4300,603696,上交所
4301,603697,上交所
4302,603698,上交所
4303,603699,上交所
4304,603700,上交所
4305,603701,上交所
4306,603703,上交所
4307,603706,上交所
4308,603707,上交所
4309,603708,上交所
4310,603709,上交所
4311,603711,上交所
4312,603712,上交所
4313,603713,上交所
4314,603716,上交所
4315,603717,上交所
4316,603718,上交所
4317,603719,上交所
4318,603721,上交所
4319,603722,上交所
4320,603725,上交所
4321,603726,上交所
4322,603727,上交所
4323,603728,上交所
4324,603729,上交所
4325,603730,上交所
4326,603733,上交所
4327,603737,上交所
4328,603738,上交所
4329,603739,上交所
4330,603755,上交所
4331,603757,上交所
4332,603758,上交所
4333,603759,上交所
4334,603766,上交所
4335,603767,上交所
4336,603768,上交所
4337,603773,上交所
4338,603776,上交所
4339,603777,上交所
4340,603778,上交所
4341,603779,上交所
4342,603786,上交所
4343,603787,上交所
4344,603788,上交所
4345,603789,上交所
4346,603790,上交所
4347,603797,上交所
4348,603798,上交所
4349,603799,上交所
4350,603800,上交所
4351,603801,上交所
4352,603803,上交所
4353,603806,上交所
4354,603808,上交所
4355,603809,上交所
4356,603810,上交所
4357,603811,上交所
4358,603813,上交所
4359,603815,上交所
4360,603816,上交所
4361,603817,上交所
4362,603818,上交所
4363,603819,上交所
4364,603822,上交所
4365,603823,上交所
4366,603825,上交所
4367,603826,上交所
4368,603828,上交所
4369,603829,上交所
4370,603833,上交所
4371,603836,上交所
4372,603838,上交所
4373,603839,上交所
4374,603843,上交所
4375,603848,上交所
4376,603855,上交所
4377,603856,上交所
4378,603858,上交所
4379,603859,上交所
4380,603860,上交所
4381,603861,上交所
4382,603863,上交所
4383,603866,上交所
4384,603867,上交所
4385,603868,上交所
4386,603869,上交所
4387,603871,上交所
4388,603876,上交所
4389,603877,上交所
4390,603878,上交所
4391,603879,上交所
4392,603880,上交所
4393,603881,上交所
4394,603882,上交所
4395,603883,上交所
4396,603885,上交所
4397,603886,上交所
4398,603887,上交所
4399,603888,上交所
4400,603889,上交所
4401,603890,上交所
4402,603893,上交所
4403,603895,上交所
4404,603896,上交所
4405,603897,上交所
4406,603898,上交所
4407,603899,上交所
4408,603900,上交所
4409,603901,上交所
4410,603903,上交所
4411,603906,上交所
4412,603908,上交所
4413,603909,上交所
4414,603912,上交所
4415,603915,上交所
4416,603916,上交所
4417,603917,上交所
4418,603918,上交所
4419,603919,上交所
4420,603920,上交所
4421,603922,上交所
4422,603926,上交所
4423,603927,上交所
4424,603928,上交所
4425,603929,上交所
4426,603931,上交所
4427,603933,上交所
4428,603936,上交所
4429,603937,上交所
4430,603938,上交所
4431,603939,上交所
4432,603948,上交所
4433,603949,上交所
4434,603950,上交所
4435,603955,上交所
4436,603956,上交所
4437,603958,上交所
4438,603959,上交所
4439,603960,上交所
4440,603966,上交所
4441,603967,上交所
4442,603968,上交所
4443,603969,上交所
4444,603970,上交所
4445,603976,上交所
4446,603977,上交所
4447,603978,上交所
4448,603979,上交所
4449,603980,上交所
4450,603982,上交所
4451,603983,上交所
4452,603985,上交所
4453,603986,上交所
4454,603987,上交所
4455,603988,上交所
4456,603989,上交所
4457,603990,上交所
4458,603991,上交所
4459,603992,上交所
4460,603993,上交所
4461,603995,上交所
4462,603997,上交所
4463,603998,上交所
4464,603999,上交所
4465,605001,上交所
4466,605003,上交所
4467,605005,上交所
4468,605006,上交所
4469,605007,上交所
4470,605008,上交所
4471,605009,上交所
4472,605011,上交所
4473,605016,上交所
4474,605018,上交所
4475,605020,上交所
4476,605028,上交所
4477,605033,上交所
4478,605050,上交所
4479,605055,上交所
4480,605056,上交所
4481,605058,上交所
4482,605060,上交所
4483,605066,上交所
4484,605068,上交所
4485,605069,上交所
4486,605077,上交所
4487,605080,上交所
4488,605081,上交所
4489,605086,上交所
4490,605088,上交所
4491,605089,上交所
4492,605090,上交所
4493,605098,上交所
4494,605099,上交所
4495,605100,上交所
4496,605108,上交所
4497,605111,上交所
4498,605116,上交所
4499,605117,上交所
4500,605118,上交所
4501,605122,上交所
4502,605123,上交所
4503,605128,上交所
4504,605133,上交所
4505,605136,上交所
4506,605138,上交所
4507,605151,上交所
4508,605155,上交所
4509,605158,上交所
4510,605162,上交所
4511,605166,上交所
4512,605167,上交所
4513,605168,上交所
4514,605169,上交所
4515,605177,上交所
4516,605178,上交所
4517,605179,上交所
4518,605180,上交所
4519,605183,上交所
4520,605186,上交所
4521,605188,上交所
4522,605189,上交所
4523,605196,上交所
4524,605198,上交所
4525,605199,上交所
4526,605208,上交所
4527,605218,上交所
4528,605222,上交所
4529,605228,上交所
4530,605255,上交所
4531,605258,上交所
4532,605259,上交所
4533,605266,上交所
4534,605268,上交所
4535,605277,上交所
4536,605286,上交所
4537,605287,上交所
4538,605288,上交所
4539,605289,上交所
4540,605296,上交所
4541,605298,上交所
4542,605299,上交所
4543,605300,上交所
4544,605303,上交所
4545,605305,上交所
4546,605318,上交所
4547,605319,上交所
4548,605333,上交所
4549,605336,上交所
4550,605337,上交所
4551,605338,上交所
4552,605339,上交所
4553,605358,上交所
4554,605365,上交所
4555,605366,上交所
4556,605368,上交所
4557,605369,上交所
4558,605376,上交所
4559,605377,上交所
4560,605378,上交所
4561,605388,上交所
4562,605389,上交所
4563,605398,上交所
4564,605399,上交所
4565,605488,上交所
4566,605499,上交所
4567,605500,上交所
4568,605507,上交所
4569,605555,上交所
4570,605566,上交所
4571,605567,上交所
4572,605577,上交所
4573,605580,上交所
4574,605588,上交所
4575,605589,上交所
4576,605598,上交所
4577,605599,上交所
4578,688001,上交所
4579,688002,上交所
4580,688003,上交所
4581,688004,上交所
4582,688005,上交所
4583,688006,上交所
4584,688007,上交所
4585,688008,上交所
4586,688009,上交所
4587,688010,上交所
4588,688011,上交所
4589,688012,上交所
4590,688013,上交所
4591,688015,上交所
4592,688016,上交所
4593,688017,上交所
4594,688018,上交所
4595,688019,上交所
4596,688020,上交所
4597,688021,上交所
4598,688022,上交所
4599,688023,上交所
4600,688025,上交所
4601,688026,上交所
4602,688027,上交所
4603,688028,上交所
4604,688029,上交所
4605,688030,上交所
4606,688031,上交所
4607,688032,上交所
4608,688033,上交所
4609,688035,上交所
4610,688036,上交所
4611,688037,上交所
4612,688038,上交所
4613,688039,上交所
4614,688041,上交所
4615,688045,上交所
4616,688046,上交所
4617,688047,上交所
4618,688048,上交所
4619,688049,上交所
4620,688050,上交所
4621,688051,上交所
4622,688052,上交所
4623,688053,上交所
4624,688055,上交所
4625,688056,上交所
4626,688057,上交所
4627,688058,上交所
4628,688059,上交所
4629,688060,上交所
4630,688061,上交所
4631,688062,上交所
4632,688063,上交所
4633,688065,上交所
4634,688066,上交所
4635,688067,上交所
4636,688068,上交所
4637,688069,上交所
4638,688070,上交所
4639,688071,上交所
4640,688072,上交所
4641,688073,上交所
4642,688075,上交所
4643,688076,上交所
4644,688077,上交所
4645,688078,上交所
4646,688079,上交所
4647,688080,上交所
4648,688081,上交所
4649,688082,上交所
4650,688083,上交所
4651,688084,上交所
4652,688085,上交所
4653,688087,上交所
4654,688088,上交所
4655,688089,上交所
4656,688090,上交所
4657,688091,上交所
4658,688092,上交所
4659,688093,上交所
4660,688095,上交所
4661,688096,上交所
4662,688097,上交所
4663,688098,上交所
4664,688099,上交所
4665,688100,上交所
4666,688101,上交所
4667,688102,上交所
4668,688103,上交所
4669,688105,上交所
4670,688106,上交所
4671,688107,上交所
4672,688108,上交所
4673,688109,上交所
4674,688110,上交所
4675,688111,上交所
4676,688112,上交所
4677,688113,上交所
4678,688114,上交所
4679,688115,上交所
4680,688116,上交所
4681,688117,上交所
4682,688118,上交所
4683,688119,上交所
4684,688120,上交所
4685,688121,上交所
4686,688122,上交所
4687,688123,上交所
4688,688125,上交所
4689,688126,上交所
4690,688127,上交所
4691,688128,上交所
4692,688129,上交所
4693,688130,上交所
4694,688131,上交所
4695,688132,上交所
4696,688133,上交所
4697,688135,上交所
4698,688136,上交所
4699,688137,上交所
4700,688138,上交所
4701,688139,上交所
4702,688141,上交所
4703,688143,上交所
4704,688146,上交所
4705,688147,上交所
4706,688148,上交所
4707,688150,上交所
4708,688151,上交所
4709,688152,上交所
4710,688153,上交所
4711,688155,上交所
4712,688156,上交所
4713,688157,上交所
4714,688158,上交所
4715,688159,上交所
4716,688160,上交所
4717,688161,上交所
4718,688162,上交所
4719,688163,上交所
4720,688165,上交所
4721,688166,上交所
4722,688167,上交所
4723,688168,上交所
4724,688169,上交所
4725,688170,上交所
4726,688171,上交所
4727,688172,上交所
4728,688173,上交所
4729,688175,上交所
4730,688176,上交所
4731,688177,上交所
4732,688178,上交所
4733,688179,上交所
4734,688180,上交所
4735,688181,上交所
4736,688182,上交所
4737,688183,上交所
4738,688184,上交所
4739,688185,上交所
4740,688186,上交所
4741,688187,上交所
4742,688188,上交所
4743,688189,上交所
4744,688190,上交所
4745,688191,上交所
4746,688192,上交所
4747,688193,上交所
4748,688195,上交所
4749,688196,上交所
4750,688197,上交所
4751,688198,上交所
4752,688199,上交所
4753,688200,上交所
4754,688201,上交所
4755,688202,上交所
4756,688203,上交所
4757,688205,上交所
4758,688206,上交所
4759,688207,上交所
4760,688208,上交所
4761,688209,上交所
4762,688210,上交所
4763,688211,上交所
4764,688212,上交所
4765,688213,上交所
4766,688215,上交所
4767,688216,上交所
4768,688217,上交所
4769,688218,上交所
4770,688219,上交所
4771,688220,上交所
4772,688221,上交所
4773,688222,上交所
4774,688223,上交所
4775,688225,上交所
4776,688226,上交所
4777,688227,上交所
4778,688228,上交所
4779,688229,上交所
4780,688230,上交所
4781,688231,上交所
4782,688232,上交所
4783,688233,上交所
4784,688234,上交所
4785,688235,上交所
4786,688236,上交所
4787,688237,上交所
4788,688238,上交所
4789,688239,上交所
4790,688244,上交所
4791,688246,上交所
4792,688247,上交所
4793,688248,上交所
4794,688249,上交所
4795,688251,上交所
4796,688252,上交所
4797,688253,上交所
4798,688255,上交所
4799,688256,上交所
4800,688257,上交所
4801,688258,上交所
4802,688259,上交所
4803,688260,上交所
4804,688261,上交所
4805,688262,上交所
4806,688265,上交所
4807,688266,上交所
4808,688267,上交所
4809,688268,上交所
4810,688269,上交所
4811,688270,上交所
4812,688271,上交所
4813,688272,上交所
4814,688273,上交所
4815,688275,上交所
4816,688276,上交所
4817,688277,上交所
4818,688278,上交所
4819,688279,上交所
4820,688280,上交所
4821,688281,上交所
4822,688282,上交所
4823,688283,上交所
4824,688285,上交所
4825,688286,上交所
4826,688287,上交所
4827,688288,上交所
4828,688289,上交所
4829,688290,上交所
4830,688291,上交所
4831,688292,上交所
4832,688293,上交所
4833,688295,上交所
4834,688296,上交所
4835,688297,上交所
4836,688298,上交所
4837,688299,上交所
4838,688300,上交所
4839,688301,上交所
4840,688302,上交所
4841,688303,上交所
4842,688305,上交所
4843,688306,上交所
4844,688307,上交所
4845,688308,上交所
4846,688309,上交所
4847,688310,上交所
4848,688311,上交所
4849,688312,上交所
4850,688313,上交所
4851,688314,上交所
4852,688315,上交所
4853,688316,上交所
4854,688317,上交所
4855,688318,上交所
4856,688319,上交所
4857,688320,上交所
4858,688321,上交所
4859,688322,上交所
4860,688323,上交所
4861,688325,上交所
4862,688326,上交所
4863,688327,上交所
4864,688328,上交所
4865,688329,上交所
4866,688330,上交所
4867,688331,上交所
4868,688332,上交所
4869,688333,上交所
4870,688334,上交所
4871,688335,上交所
4872,688336,上交所
4873,688337,上交所
4874,688338,上交所
4875,688339,上交所
4876,688343,上交所
4877,688345,上交所
4878,688347,上交所
4879,688348,上交所
4880,688349,上交所
4881,688350,上交所
4882,688351,上交所
4883,688352,上交所
4884,688353,上交所
4885,688355,上交所
4886,688356,上交所
4887,688357,上交所
4888,688358,上交所
4889,688359,上交所
4890,688360,上交所
4891,688361,上交所
4892,688362,上交所
4893,688363,上交所
4894,688365,上交所
4895,688366,上交所
4896,688367,上交所
4897,688368,上交所
4898,688369,上交所
4899,688370,上交所
4900,688371,上交所
4901,688372,上交所
4902,688373,上交所
4903,688375,上交所
4904,688376,上交所
4905,688377,上交所
4906,688378,上交所
4907,688379,上交所
4908,688380,上交所
4909,688381,上交所
4910,688382,上交所
4911,688383,上交所
4912,688385,上交所
4913,688386,上交所
4914,688387,上交所
4915,688388,上交所
4916,688389,上交所
4917,688390,上交所
4918,688391,上交所
4919,688392,上交所
4920,688393,上交所
4921,688395,上交所
4922,688396,上交所
4923,688398,上交所
4924,688399,上交所
4925,688400,上交所
4926,688401,上交所
4927,688403,上交所
4928,688408,上交所
4929,688409,上交所
4930,688410,上交所
4931,688411,上交所
4932,688416,上交所
4933,688418,上交所
4934,688419,上交所
4935,688420,上交所
4936,688425,上交所
4937,688426,上交所
4938,688428,上交所
4939,688429,上交所
4940,688432,上交所
4941,688433,上交所
4942,688435,上交所
4943,688439,上交所
4944,688443,上交所
4945,688448,上交所
4946,688449,上交所
4947,688450,上交所
4948,688455,上交所
4949,688456,上交所
4950,688458,上交所
4951,688459,上交所
4952,688466,上交所
4953,688468,上交所
4954,688469,上交所
4955,688472,上交所
4956,688475,上交所
4957,688478,上交所
4958,688479,上交所
4959,688480,上交所
4960,688484,上交所
4961,688485,上交所
4962,688486,上交所
4963,688488,上交所
4964,688489,上交所
4965,688496,上交所
4966,688498,上交所
4967,688499,上交所
4968,688500,上交所
4969,688501,上交所
4970,688502,上交所
4971,688503,上交所
4972,688505,上交所
4973,688506,上交所
4974,688507,上交所
4975,688508,上交所
4976,688509,上交所
4977,688510,上交所
4978,688511,上交所
4979,688512,上交所
4980,688513,上交所
4981,688515,上交所
4982,688516,上交所
4983,688517,上交所
4984,688518,上交所
4985,688519,上交所
4986,688520,上交所
4987,688521,上交所
4988,688522,上交所
4989,688523,上交所
4990,688525,上交所
4991,688526,上交所
4992,688528,上交所
4993,688529,上交所
4994,688530,上交所
4995,688531,上交所
4996,688533,上交所
4997,688535,上交所
4998,688536,上交所
4999,688538,上交所
5000,688539,上交所
5001,688543,上交所
5002,688545,上交所
5003,688548,上交所
5004,688549,上交所
5005,688550,上交所
5006,688551,上交所
5007,688552,上交所
5008,688553,上交所
5009,688556,上交所
5010,688557,上交所
5011,688558,上交所
5012,688559,上交所
5013,688560,上交所
5014,688561,上交所
5015,688562,上交所
5016,688563,上交所
5017,688565,上交所
5018,688566,上交所
5019,688567,上交所
5020,688568,上交所
5021,688569,上交所
5022,688570,上交所
5023,688571,上交所
5024,688573,上交所
5025,688575,上交所
5026,688576,上交所
5027,688577,上交所
5028,688578,上交所
5029,688579,上交所
5030,688580,上交所
5031,688581,上交所
5032,688582,上交所
5033,688583,上交所
5034,688584,上交所
5035,688585,上交所
5036,688586,上交所
5037,688588,上交所
5038,688589,上交所
5039,688590,上交所
5040,688591,上交所
5041,688592,上交所
5042,688593,上交所
5043,688595,上交所
5044,688596,上交所
5045,688597,上交所
5046,688598,上交所
5047,688599,上交所
5048,688600,上交所
5049,688601,上交所
5050,688602,上交所
5051,688603,上交所
5052,688605,上交所
5053,688606,上交所
5054,688607,上交所
5055,688608,上交所
5056,688609,上交所
5057,688610,上交所
5058,688611,上交所
5059,688612,上交所
5060,688613,上交所
5061,688615,上交所
5062,688616,上交所
5063,688617,上交所
5064,688618,上交所
5065,688619,上交所
5066,688620,上交所
5067,688621,上交所
5068,688622,上交所
5069,688623,上交所
5070,688625,上交所
5071,688626,上交所
5072,688627,上交所
5073,688628,上交所
5074,688629,上交所
5075,688630,上交所
5076,688631,上交所
5077,688633,上交所
5078,688636,上交所
5079,688638,上交所
5080,688639,上交所
5081,688646,上交所
5082,688648,上交所
5083,688651,上交所
5084,688652,上交所
5085,688653,上交所
5086,688655,上交所
5087,688656,上交所
5088,688657,上交所
5089,688658,上交所
5090,688659,上交所
5091,688660,上交所
5092,688661,上交所
5093,688662,上交所
5094,688663,上交所
5095,688665,上交所
5096,688667,上交所
5097,688668,上交所
5098,688669,上交所
5099,688670,上交所
5100,688671,上交所
5101,688676,上交所
5102,688677,上交所
5103,688678,上交所
5104,688679,上交所
5105,688680,上交所
5106,688681,上交所
5107,688682,上交所
5108,688683,上交所
5109,688685,上交所
5110,688686,上交所
5111,688687,上交所
5112,688689,上交所
5113,688690,上交所
5114,688691,上交所
5115,688692,上交所
5116,688693,上交所
5117,688695,上交所
5118,688696,上交所
5119,688697,上交所
5120,688698,上交所
5121,688699,上交所
5122,688700,上交所
5123,688701,上交所
5124,688702,上交所
5125,688707,上交所
5126,688708,上交所
5127,688709,上交所
5128,688710,上交所
5129,688711,上交所
5130,688716,上交所
5131,688717,上交所
5132,688718,上交所
5133,688719,上交所
5134,688720,上交所
5135,688721,上交所
5136,688722,上交所
5137,688726,上交所
5138,688728,上交所
5139,688729,上交所
5140,688733,上交所
5141,688737,上交所
5142,688739,上交所
5143,688750,上交所
5144,688755,上交所
5145,688757,上交所
5146,688758,上交所
5147,688766,上交所
5148,688767,上交所
5149,688768,上交所
5150,688772,上交所
5151,688775,上交所
5152,688776,上交所
5153,688777,上交所
5154,688778,上交所
5155,688779,上交所
5156,688786,上交所
5157,688787,上交所
5158,688788,上交所
5159,688789,上交所
5160,688793,上交所
5161,688798,上交所
5162,688799,上交所
5163,688800,上交所
5164,688819,上交所
5165,688981,上交所
5166,689009,上交所
5167,830779,北交所
5168,830809,北交所
5169,830832,北交所
5170,830839,北交所
5171,830879,北交所
5172,830896,北交所
5173,830946,北交所
5174,830964,北交所
5175,830974,北交所
5176,831010,北交所
5177,831039,北交所
5178,831087,北交所
5179,831152,北交所
5180,831167,北交所
5181,831175,北交所
5182,831195,北交所
5183,831278,北交所
5184,831304,北交所
5185,831305,北交所
5186,831370,北交所
5187,831396,北交所
5188,831526,北交所
5189,831627,北交所
5190,831641,北交所
5191,831689,北交所
5192,831726,北交所
5193,831768,北交所
5194,831832,北交所
5195,831834,北交所
5196,831855,北交所
5197,831856,北交所
5198,831906,北交所
5199,831961,北交所
5200,832000,北交所
5201,832023,北交所
5202,832089,北交所
5203,832110,北交所
5204,832145,北交所
5205,832149,北交所
5206,832171,北交所
5207,832175,北交所
5208,832225,北交所
5209,832278,北交所
5210,832419,北交所
5211,832469,北交所
5212,832471,北交所
5213,832491,北交所
5214,832522,北交所
5215,832566,北交所
5216,832651,北交所
5217,832662,北交所
5218,832735,北交所
5219,832786,北交所
5220,832802,北交所
5221,832876,北交所
5222,832885,北交所
5223,832978,北交所
5224,832982,北交所
5225,833030,北交所
5226,833075,北交所
5227,833171,北交所
5228,833230,北交所
5229,833266,北交所
5230,833284,北交所
5231,833346,北交所
5232,833394,北交所
5233,833427,北交所
5234,833429,北交所
5235,833454,北交所
5236,833455,北交所
5237,833509,北交所
5238,833523,北交所
5239,833533,北交所
5240,833575,北交所
5241,833580,北交所
5242,833751,北交所
5243,833781,北交所
5244,833873,北交所
5245,833914,北交所
5246,833943,北交所
5247,834014,北交所
5248,834021,北交所
5249,834033,北交所
5250,834058,北交所
5251,834062,北交所
5252,834261,北交所
5253,834407,北交所
5254,834415,北交所
5255,834475,北交所
5256,834599,北交所
5257,834639,北交所
5258,834765,北交所
5259,834770,北交所
5260,834950,北交所
5261,835174,北交所
5262,835179,北交所
5263,835184,北交所
5264,835185,北交所
5265,835207,北交所
5266,835237,北交所
5267,835305,北交所
5268,835368,北交所
5269,835438,北交所
5270,835508,北交所
5271,835579,北交所
5272,835640,北交所
5273,835670,北交所
5274,835857,北交所
5275,835892,北交所
5276,835985,北交所
5277,836077,北交所
5278,836149,北交所
5279,836208,北交所
5280,836221,北交所
5281,836239,北交所
5282,836247,北交所
5283,836260,北交所
5284,836263,北交所
5285,836270,北交所
5286,836395,北交所
5287,836414,北交所
5288,836419,北交所
5289,836422,北交所
5290,836433,北交所
5291,836504,北交所
5292,836547,北交所
5293,836675,北交所
5294,836699,北交所
5295,836717,北交所
5296,836720,北交所
5297,836807,北交所
5298,836826,北交所
5299,836871,北交所
5300,836892,北交所
5301,836942,北交所
5302,836957,北交所
5303,836961,北交所
5304,837006,北交所
5305,837023,北交所
5306,837046,北交所
5307,837092,北交所
5308,837174,北交所
5309,837212,北交所
5310,837242,北交所
5311,837344,北交所
5312,837403,北交所
5313,837592,北交所
5314,837663,北交所
5315,837748,北交所
5316,837821,北交所
5317,838030,北交所
5318,838163,北交所
5319,838171,北交所
5320,838227,北交所
5321,838262,北交所
5322,838275,北交所
5323,838402,北交所
5324,838670,北交所
5325,838701,北交所
5326,838810,北交所
5327,838837,北交所
5328,838924,北交所
5329,838971,北交所
5330,839273,北交所
5331,839371,北交所
5332,839493,北交所
5333,839680,北交所
5334,839719,北交所
5335,839725,北交所
5336,839729,北交所
5337,839790,北交所
5338,839792,北交所
5339,839946,北交所
5340,870199,北交所
5341,870204,北交所
5342,870299,北交所
5343,870357,北交所
5344,870436,北交所
5345,870508,北交所
5346,870656,北交所
5347,870726,北交所
5348,870866,北交所
5349,870976,北交所
5350,871245,北交所
5351,871263,北交所
5352,871396,北交所
5353,871478,北交所
5354,871553,北交所
5355,871634,北交所
5356,871642,北交所
5357,871694,北交所
5358,871753,北交所
5359,871857,北交所
5360,871970,北交所
5361,871981,北交所
5362,872190,北交所
5363,872351,北交所
5364,872374,北交所
5365,872392,北交所
5366,872541,北交所
5367,872808,北交所
5368,872895,北交所
5369,872925,北交所
5370,872931,北交所
5371,872953,北交所
5372,873001,北交所
5373,873122,北交所
5374,873132,北交所
5375,873152,北交所
5376,873167,北交所
5377,873169,北交所
5378,873223,北交所
5379,873305,北交所
5380,873339,北交所
5381,873527,北交所
5382,873570,北交所
5383,873576,北交所
5384,873593,北交所
5385,873665,北交所
5386,873679,北交所
5387,873690,北交所
5388,873693,北交所
5389,873703,北交所
5390,873706,北交所
5391,873726,北交所
5392,873806,北交所
5393,873833,北交所
5394,920002,北交所
5395,920005,北交所
5396,920007,北交所
5397,920008,北交所
5398,920016,北交所
5399,920018,北交所
5400,920019,北交所
5401,920027,北交所
5402,920029,北交所
5403,920037,北交所
5404,920056,北交所
5405,920060,北交所
5406,920066,北交所
5407,920068,北交所
5408,920082,北交所
5409,920088,北交所
5410,920098,北交所
5411,920099,北交所
5412,920101,北交所
5413,920106,北交所
5414,920108,北交所
5415,920111,北交所
5416,920112,北交所
5417,920116,北交所
5418,920118,北交所
5419,920128,北交所
5420,920167,北交所
5421,920445,北交所
5422,920489,北交所
5423,920682,北交所
5424,920799,北交所
5425,920819,北交所
